dataset_role,sport,team,match,kickoff,trigger_win_start,championship_win_start,championship_to_game_ratio,log_game_to_championship_ratio,trigger_win_start_squared,actual_strategy_ev_relative,predicted_strategy_ev_relative,selected
training,fifa,South Africa,south-africa-canada,2026-06-28T15:00:00-04:00,0.28500000,0.00050000,0.00175439,6.34563636,0.08122500,0.00000000,-0.06334383,False
training,fifa,Canada,south-africa-canada,2026-06-28T15:00:00-04:00,0.71500000,0.00150000,0.00209790,6.16681743,0.51122500,-0.67545401,0.36238347,True
training,fifa,Brazil,brazil-japan,2026-06-29T13:00:00-04:00,0.71500000,0.06150000,0.08601399,2.45324537,0.51122500,0.63221741,0.47021964,True
training,fifa,Japan,brazil-japan,2026-06-29T13:00:00-04:00,0.28500000,0.01150000,0.04035088,3.21014214,0.08122500,0.00000000,0.02834695,True
training,fifa,Germany,germany-paraguay,2026-06-29T16:30:00-04:00,0.86500000,0.04450000,0.05144509,2.96724032,0.74822500,0.00000000,0.79785058,True
training,fifa,Paraguay,germany-paraguay,2026-06-29T16:30:00-04:00,0.13500000,0.00050000,0.00370370,5.59842196,0.01822500,0.37536148,0.00125741,True
training,fifa,Netherlands,netherlands-morocco,2026-06-29T21:00:00-04:00,0.58500000,0.04700000,0.08034188,2.52146425,0.34222500,0.00000000,0.25404303,True
training,fifa,Morocco,netherlands-morocco,2026-06-29T21:00:00-04:00,0.41500000,0.01350000,0.03253012,3.42558883,0.17222500,-0.42001711,0.07065184,True
training,fifa,Ivory Coast,ivory-coast-norway,2026-06-30T13:00:00-04:00,0.38500000,0.00350000,0.00909091,4.70048037,0.14822500,0.00000000,0.01923353,True
training,fifa,Norway,ivory-coast-norway,2026-06-30T13:00:00-04:00,0.61500000,0.02050000,0.03333333,3.40119738,0.37822500,0.68790637,0.28243687,True
training,fifa,France,france-sweden,2026-06-30T17:00:00-04:00,0.87500000,0.28450000,0.32514286,1.12349063,0.76562500,-0.16105900,0.83173468,True
training,fifa,Sweden,france-sweden,2026-06-30T17:00:00-04:00,0.12500000,0.00150000,0.01200000,4.42284863,0.01562500,0.00000000,0.04419367,True
training,fifa,Mexico,mexico-ecuador,2026-06-30T22:00:00-04:00,0.62500000,0.01800000,0.02880000,3.54737989,0.39062500,0.11919596,0.29381747,True
training,fifa,Ecuador,mexico-ecuador,2026-06-30T22:00:00-04:00,0.37500000,0.00450000,0.01200000,4.42284863,0.14062500,0.00000000,0.02308325,True
training,fifa,England,england-congo-dr,2026-07-01T12:00:00-04:00,0.87500000,0.09550000,0.10914286,2.21509764,0.76562500,1.73592801,0.83834783,True
training,fifa,Congo DR,england-congo-dr,2026-07-01T12:00:00-04:00,0.12500000,0.00050000,0.00400000,5.52146092,0.01562500,0.00000000,0.00983065,True
training,fifa,Belgium,belgium-senegal,2026-07-01T16:00:00-04:00,0.66500000,0.01450000,0.02180451,3.82563839,0.44222500,1.00000000,0.35045580,True
training,fifa,Senegal,belgium-senegal,2026-07-01T16:00:00-04:00,0.33500000,0.00450000,0.01343284,4.31005314,0.11222500,0.00000000,0.01187578,True
training,fifa,United States,united-states-bosnia-herzegovina,2026-07-01T20:00:00-04:00,0.83500000,0.02950000,0.03532934,3.34304146,0.69722500,1.17206738,0.71334864,True
training,fifa,Bosnia-Herzegovina,united-states-bosnia-herzegovina,2026-07-01T20:00:00-04:00,0.16500000,0.00050000,0.00303030,5.79909265,0.02722500,0.00000000,-0.02097210,False
training,fifa,Spain,spain-austria,2026-07-02T15:00:00-04:00,0.85625000,0.10900000,0.12729927,2.06121451,0.73316406,-0.07496379,0.79123785,True
training,fifa,Austria,spain-austria,2026-07-02T15:00:00-04:00,0.14375000,0.00150000,0.01043478,4.56261057,0.02066406,0.00000000,0.02932148,True
training,fifa,Portugal,portugal-croatia,2026-07-02T19:00:00-04:00,0.72375000,0.06800000,0.09395509,2.36493832,0.52381406,1.13546123,0.48816436,True
training,fifa,Croatia,portugal-croatia,2026-07-02T19:00:00-04:00,0.27625000,0.00350000,0.01266968,4.36854328,0.07631406,0.00000000,0.00118051,True
training,fifa,Switzerland,switzerland-algeria,2026-07-02T23:00:00-04:00,0.66625000,0.00550000,0.00825516,4.79691688,0.44388906,-0.09295967,0.32222213,True
training,fifa,Algeria,switzerland-algeria,2026-07-02T23:00:00-04:00,0.33375000,0.00050000,0.00149813,6.50353939,0.11138906,0.00000000,-0.06091359,False
training,fifa,Australia,australia-egypt,2026-07-03T14:00:00-04:00,0.40500000,0.00150000,0.00370370,5.59842196,0.16402500,0.00000000,0.00026084,True
training,fifa,Egypt,australia-egypt,2026-07-03T14:00:00-04:00,0.59500000,0.00150000,0.00252101,5.98309630,0.35402500,0.01936547,0.17246187,True
training,fifa,Argentina,argentina-cape-verde,2026-07-03T18:00:00-04:00,0.93500000,0.19550000,0.20909091,1.56498615,0.87422500,2.77957533,1.00927706,True
training,fifa,Cape Verde,argentina-cape-verde,2026-07-03T18:00:00-04:00,0.06500000,0.00050000,0.00769231,4.86753445,0.00422500,0.00000000,0.07578305,True
training,fifa,Colombia,colombia-ghana,2026-07-03T21:30:00-04:00,0.80500000,0.02650000,0.03291925,3.41369754,0.64802500,0.21909104,0.64070358,True
training,fifa,Ghana,colombia-ghana,2026-07-03T21:30:00-04:00,0.19500000,0.00050000,0.00256410,5.96614674,0.03802500,0.00000000,-0.03830550,False
training,fifa,Canada,canada-morocco,2026-07-04T13:00:00-04:00,0.28500000,0.00250000,0.00877193,4.73619845,0.08122500,0.00000000,-0.00949735,False
training,fifa,Morocco,canada-morocco,2026-07-04T13:00:00-04:00,0.71500000,0.02750000,0.03846154,3.25809654,0.51122500,1.27416520,0.45559326,True
training,fifa,Paraguay,paraguay-france,2026-07-04T17:00:00-04:00,0.07500000,0.00150000,0.02000000,3.91202301,0.00562500,0.00000000,0.09350083,True
training,fifa,France,paraguay-france,2026-07-04T17:00:00-04:00,0.92500000,0.36450000,0.39405405,0.93126719,0.85562500,1.13625358,0.96864324,True
training,fifa,Brazil,brazil-norway,2026-07-05T16:00:00-04:00,0.71500000,0.07150000,0.10000000,2.30258509,0.51122500,0.00000000,0.47144330,True
training,fifa,Norway,brazil-norway,2026-07-05T16:00:00-04:00,0.28500000,0.01750000,0.06140351,2.79028830,0.08122500,0.15665300,0.03220447,True
training,fifa,Mexico,mexico-england,2026-07-05T21:00:00-04:00,0.47500000,0.04050000,0.08526316,2.46201283,0.22562500,0.00000000,0.12803583,True
training,fifa,England,mexico-england,2026-07-05T21:00:00-04:00,0.52500000,0.08250000,0.15714286,1.85059997,0.27562500,0.20873647,0.17214784,True
training,fifa,Portugal,portugal-spain,2026-07-06T15:00:00-04:00,0.34500000,0.05250000,0.15217391,1.88273125,0.11902500,0.00000000,0.03264642,True
training,fifa,Spain,portugal-spain,2026-07-06T15:00:00-04:00,0.65500000,0.13050000,0.19923664,1.61326201,0.42902500,0.22782199,0.35431523,True
training,fifa,United States,united-states-belgium,2026-07-06T20:00:00-04:00,0.53500000,0.02950000,0.05514019,2.89787648,0.28622500,0.00000000,0.18685648,True
training,fifa,Belgium,united-states-belgium,2026-07-06T20:00:00-04:00,0.46500000,0.01250000,0.02688172,3.61630876,0.21622500,0.23442470,0.10309286,True
training,fifa,Argentina,argentina-egypt,2026-07-07T12:00:00-04:00,0.86500000,0.17850000,0.20635838,1.57814091,0.74822500,1.07205856,0.81395375,True
training,fifa,Egypt,argentina-egypt,2026-07-07T12:00:00-04:00,0.13500000,0.00250000,0.01851852,3.98898405,0.01822500,0.00000000,0.04977020,True
training,fifa,Switzerland,switzerland-colombia,2026-07-07T16:00:00-04:00,0.40500000,0.00950000,0.02345679,3.75259527,0.16402500,0.13948032,0.05709193,True
training,fifa,Colombia,switzerland-colombia,2026-07-07T16:00:00-04:00,0.59500000,0.03550000,0.05966387,2.81902871,0.35402500,0.00000000,0.26491250,True
training,fifa,France,france-morocco,2026-07-09T16:00:00-04:00,0.77625000,0.32150000,0.41417069,0.88147709,0.60256406,0.28379961,0.56621498,True
training,fifa,Morocco,france-morocco,2026-07-09T16:00:00-04:00,0.22375000,0.03150000,0.14078212,1.96054181,0.05006406,0.00000000,0.01957404,True
training,fifa,Spain,spain-belgium,2026-07-10T15:00:00-04:00,0.73125000,0.16950000,0.23179487,1.46190247,0.53472656,0.33876437,0.49558482,True
training,fifa,Belgium,spain-belgium,2026-07-10T15:00:00-04:00,0.26875000,0.02050000,0.07627907,2.57335669,0.07222656,0.00000000,0.03102509,True
training,fifa,Norway,norway-england,2026-07-11T17:00:00-04:00,0.32375000,0.05450000,0.16833977,1.78177091,0.10481406,0.00000000,0.02057096,True
training,fifa,England,norway-england,2026-07-11T17:00:00-04:00,0.67625000,0.14350000,0.21219963,1.55022779,0.45731406,0.16708533,0.39043161,True
training,fifa,Argentina,argentina-switzerland,2026-07-11T21:00:00-04:00,0.75375000,0.17950000,0.23814262,1.43488554,0.56813906,0.72576886,0.54278913,True
training,fifa,Switzerland,argentina-switzerland,2026-07-11T21:00:00-04:00,0.24625000,0.01550000,0.06294416,2.76550726,0.06063906,0.00000000,0.03189962,True
training,fifa,France,france-spain,2026-07-14T15:00:00-04:00,0.55625000,0.37250000,0.66966292,0.40098080,0.30941406,0.00000000,0.06592878,True
training,fifa,Spain,france-spain,2026-07-14T15:00:00-04:00,0.44375000,0.23000000,0.51830986,0.65718203,0.19691406,-0.22192029,-0.02630876,False
training,fifa,England,england-argentina,2026-07-15T15:00:00-04:00,0.53625000,0.22750000,0.42424242,0.85745023,0.28756406,0.00000000,0.11572135,True
training,fifa,Argentina,england-argentina,2026-07-15T15:00:00-04:00,0.46375000,0.19550000,0.42156334,0.86378523,0.21506406,-0.00205560,0.02939151,True
training,fifa,France,france-england,2026-07-18T17:00:00-04:00,0.69500000,0.00050000,0.00071942,7.23705903,0.48302500,0.00000000,0.28754359,True
training,fifa,England,france-england,2026-07-18T17:00:00-04:00,0.30500000,0.00050000,0.00163934,6.41345896,0.09302500,1.00000000,-0.06367404,False
training,fifa,Spain,spain-argentina,2026-07-19T15:00:00-04:00,0.58625000,0.58450000,0.99701493,0.00298954,0.34368906,-0.00907276,0.00910445,True
training,fifa,Argentina,spain-argentina,2026-07-19T15:00:00-04:00,0.41375000,0.41750000,1.00906344,-0.00902262,0.17118906,0.00000000,-0.25701726,False
evaluation,lol_worlds_2025,Gen.G,gen-g-hanwha-life-esports,2025-10-28T02:00:00-05:00,0.80000000,0.55500000,0.69375000,0.36564361,0.64000000,0.09909910,0.57186086,True
evaluation,lol_worlds_2025,Hanwha Life Esports,gen-g-hanwha-life-esports,2025-10-28T02:00:00-05:00,0.20000000,0.07000000,0.35000000,1.04982212,0.04000000,0.00000000,-0.06415038,False
evaluation,lol_worlds_2025,KT Rolster,kt-rolster-ctbc-flying-oyster,2025-10-29T02:00:00-05:00,0.64000000,0.03300000,0.05156250,2.96496061,0.40960000,-1.50505051,0.33026887,True
evaluation,lol_worlds_2025,CTBC Flying Oyster,kt-rolster-ctbc-flying-oyster,2025-10-29T02:00:00-05:00,0.36000000,0.02650000,0.07361111,2.60895930,0.12960000,0.00000000,0.05155464,True
evaluation,lol_worlds_2025,G2 Esports,g2-esports-top-esports,2025-10-30T02:00:00-05:00,0.30500000,0.01650000,0.05409836,2.91695140,0.09302500,0.00000000,0.03414782,True
evaluation,lol_worlds_2025,Top Esports,g2-esports-top-esports,2025-10-30T02:00:00-05:00,0.69500000,0.03700000,0.05323741,2.93299393,0.48302500,-0.01617191,0.42528378,True
evaluation,lol_worlds_2025,Anyone's Legend,anyone-s-legend-t1,2025-10-31T02:00:00-05:00,0.54000000,0.11100000,0.20555556,1.58203894,0.29160000,0.00000000,0.18072740,True
evaluation,lol_worlds_2025,T1,anyone-s-legend-t1,2025-10-31T02:00:00-05:00,0.46000000,0.11500000,0.25000000,1.38629436,0.21160000,0.11111111,0.08152918,True
evaluation,lol_worlds_2025,Gen.G,gen-g-kt-rolster,2025-11-01T02:00:00-05:00,0.86500000,0.67500000,0.78034682,0.24801682,0.74822500,0.00000000,0.73710015,True
evaluation,lol_worlds_2025,KT Rolster,gen-g-kt-rolster,2025-11-01T02:00:00-05:00,0.13500000,0.04200000,0.31111111,1.16760516,0.01822500,-0.59042114,-0.02812386,False
evaluation,lol_worlds_2025,T1,t1-top-esports,2025-11-02T02:00:00-05:00,0.71500000,0.43500000,0.60839161,0.49693651,0.51122500,-0.15345836,0.38462409,True
evaluation,lol_worlds_2025,Top Esports,t1-top-esports,2025-11-02T02:00:00-05:00,0.28500000,0.10800000,0.37894737,0.97035795,0.08122500,0.00000000,-0.07102749,False
evaluation,mlb,Cleveland Guardians,cleveland-guardians-detroit-tigers,2025-09-30T13:08:00-04:00,0.45500000,0.02750000,0.06043956,2.80611141,0.20702500,0.00000000,0.10917964,True
evaluation,mlb,Detroit Tigers,cleveland-guardians-detroit-tigers,2025-09-30T13:08:00-04:00,0.54500000,0.04250000,0.07798165,2.55128172,0.29702500,0.36586942,0.20210080,True
evaluation,mlb,Chicago Cubs,chicago-cubs-san-diego-padres,2025-09-30T15:08:00-04:00,0.53500000,0.05750000,0.10747664,2.23048180,0.28622500,0.43973820,0.19005269,True
evaluation,mlb,San Diego Padres,chicago-cubs-san-diego-padres,2025-09-30T15:08:00-04:00,0.46500000,0.04850000,0.10430108,2.26047361,0.21622500,0.00000000,0.11807690,True
evaluation,mlb,New York Yankees,new-york-yankees-boston-red-sox,2025-09-30T18:08:00-04:00,0.63000000,0.09500000,0.15079365,1.89184293,0.39690000,-0.43385491,0.31876740,True
evaluation,mlb,Boston Red Sox,new-york-yankees-boston-red-sox,2025-09-30T18:08:00-04:00,0.37000000,0.03800000,0.10270270,2.27591685,0.13690000,0.00000000,0.05377074,True
evaluation,mlb,Los Angeles Dodgers,los-angeles-dodgers-cincinnati-reds,2025-09-30T21:08:00-04:00,0.73000000,0.16500000,0.22602740,1.48709906,0.53290000,0.09876543,0.49375130,True
evaluation,mlb,Cincinnati Reds,los-angeles-dodgers-cincinnati-reds,2025-09-30T21:08:00-04:00,0.27000000,0.02000000,0.07407407,2.60268969,0.07290000,0.00000000,0.03120368,True
evaluation,mlb,Seattle Mariners,seattle-mariners-detroit-tigers,2025-10-04T20:38:00-04:00,0.59500000,0.15800000,0.26554622,1.32596637,0.35402500,0.65131271,0.24365683,True
evaluation,mlb,Detroit Tigers,seattle-mariners-detroit-tigers,2025-10-04T20:38:00-04:00,0.40500000,0.05250000,0.12962963,2.04307390,0.16402500,0.00000000,0.06883926,True
evaluation,mlb,Toronto Blue Jays,toronto-blue-jays-new-york-yankees,2025-10-04T16:08:00-04:00,0.41500000,0.08750000,0.21084337,1.55663973,0.17222500,0.26627595,0.05550016,True
evaluation,mlb,New York Yankees,toronto-blue-jays-new-york-yankees,2025-10-04T16:08:00-04:00,0.58500000,0.17000000,0.29059829,1.23581341,0.34222500,0.00000000,0.22264671,True
evaluation,mlb,Milwaukee Brewers,milwaukee-brewers-chicago-cubs,2025-10-04T14:08:00-04:00,0.54500000,0.09500000,0.17431193,1.74690890,0.29702500,0.01023713,0.19333734,True
evaluation,mlb,Chicago Cubs,milwaukee-brewers-chicago-cubs,2025-10-04T14:08:00-04:00,0.45500000,0.08150000,0.17912088,1.71969440,0.20702500,0.00000000,0.09602548,True
evaluation,mlb,Philadelphia Phillies,philadelphia-phillies-los-angeles-dodgers,2025-10-04T18:38:00-04:00,0.42000000,0.14700000,0.35000000,1.04982212,0.17640000,0.00000000,0.01369436,True
evaluation,mlb,Los Angeles Dodgers,philadelphia-phillies-los-angeles-dodgers,2025-10-04T18:38:00-04:00,0.58000000,0.22000000,0.37931034,0.96940056,0.33640000,-0.09848485,0.19187190,True
evaluation,mlb,Milwaukee Brewers,milwaukee-brewers-los-angeles-dodgers,2025-10-13T20:08:00-04:00,0.28000000,0.15150000,0.54107143,0.61420398,0.07840000,0.00000000,-0.14592844,False
evaluation,mlb,Los Angeles Dodgers,milwaukee-brewers-los-angeles-dodgers,2025-10-13T20:08:00-04:00,0.72000000,0.42500000,0.59027778,0.52716204,0.51840000,-0.63361345,0.40003866,True
evaluation,nba,Detroit Pistons,detroit-pistons-orlando-magic,2026-04-19T18:30:00-04:00,0.83500000,0.04350000,0.05209581,2.95467079,0.69722500,-0.16335772,0.72333354,True
evaluation,nba,Orlando Magic,detroit-pistons-orlando-magic,2026-04-19T18:30:00-04:00,0.16500000,0.00150000,0.00909091,4.70048037,0.02722500,0.00000000,0.01471755,True
evaluation,nba,Philadelphia 76ers,philadelphia-76ers-boston-celtics,2026-04-19T13:00:00-04:00,0.06500000,0.00150000,0.02307692,3.76892216,0.00422500,-0.41354724,0.10509465,True
evaluation,nba,Boston Celtics,philadelphia-76ers-boston-celtics,2026-04-19T13:00:00-04:00,0.93500000,0.12050000,0.12887701,2.04889678,0.87422500,0.00000000,1.00632418,True
evaluation,nba,New York Knicks,new-york-knicks-atlanta-hawks,2026-04-18T18:00:00-04:00,0.77000000,0.03700000,0.04805195,3.03547260,0.59290000,-0.76439483,0.57256324,True
evaluation,nba,Atlanta Hawks,new-york-knicks-atlanta-hawks,2026-04-18T18:00:00-04:00,0.23000000,0.00450000,0.01956522,3.93400191,0.05290000,0.00000000,0.01613583,True
evaluation,nba,Toronto Raptors,toronto-raptors-cleveland-cavaliers,2026-04-18T13:00:00-04:00,0.27500000,0.00700000,0.02545455,3.67086095,0.07562500,0.00000000,0.01925762,True
evaluation,nba,Cleveland Cavaliers,toronto-raptors-cleveland-cavaliers,2026-04-18T13:00:00-04:00,0.72500000,0.04200000,0.05793103,2.84850204,0.52562500,0.87445887,0.48387873,True
evaluation,nba,Phoenix Suns,phoenix-suns-oklahoma-city-thunder,2026-04-19T15:30:00-04:00,0.02550000,0.00150000,0.05882353,2.83321334,0.00065025,0.00000000,0.15216862,True
evaluation,nba,Oklahoma City Thunder,phoenix-suns-oklahoma-city-thunder,2026-04-19T15:30:00-04:00,0.97450000,0.47500000,0.48742945,0.71860971,0.94965025,-2.21816305,1.11517907,True
evaluation,nba,San Antonio Spurs,san-antonio-spurs-portland-trail-blazers,2026-04-19T21:00:00-04:00,0.93000000,0.14350000,0.15430108,1.86884955,0.86490000,-1.68491787,0.99370915,True
evaluation,nba,Portland Trail Blazers,san-antonio-spurs-portland-trail-blazers,2026-04-19T21:00:00-04:00,0.07000000,0.00150000,0.02142857,3.84303013,0.00490000,0.00000000,0.09922816,True
evaluation,nba,Minnesota Timberwolves,minnesota-timberwolves-denver-nuggets,2026-04-18T15:30:00-04:00,0.24500000,0.01100000,0.04489796,3.10336294,0.06002500,0.89674895,0.02986572,True
evaluation,nba,Denver Nuggets,minnesota-timberwolves-denver-nuggets,2026-04-18T15:30:00-04:00,0.75500000,0.09500000,0.12582781,2.07284086,0.57002500,0.00000000,0.55372621,True
evaluation,nba,Los Angeles Lakers,los-angeles-lakers-houston-rockets,2026-04-18T20:30:00-04:00,0.27000000,0.01650000,0.06111111,2.79506158,0.07290000,0.75342466,0.03129951,True
evaluation,nba,Houston Rockets,los-angeles-lakers-houston-rockets,2026-04-18T20:30:00-04:00,0.73000000,0.01600000,0.02191781,3.82045581,0.53290000,0.00000000,0.46942357,True
evaluation,nba,Cleveland Cavaliers,cleveland-cavaliers-detroit-pistons,2026-05-05T19:00:00-04:00,0.46500000,0.04000000,0.08602151,2.45315795,0.21622500,1.01086449,0.11909740,True
evaluation,nba,Detroit Pistons,cleveland-cavaliers-detroit-pistons,2026-05-05T19:00:00-04:00,0.53500000,0.05250000,0.09813084,2.32145358,0.28622500,0.00000000,0.19049080,True
evaluation,nba,New York Knicks,new-york-knicks-philadelphia-76ers,2026-05-04T20:00:00-04:00,0.62500000,0.08750000,0.14000000,1.96611286,0.39062500,0.11428571,0.31185365,True
evaluation,nba,Philadelphia 76ers,new-york-knicks-philadelphia-76ers,2026-05-04T20:00:00-04:00,0.37500000,0.02550000,0.06800000,2.68824757,0.14062500,0.00000000,0.05816395,True
evaluation,nba,Oklahoma City Thunder,oklahoma-city-thunder-los-angeles-lakers,2026-05-05T20:30:00-04:00,0.93500000,0.61500000,0.65775401,0.41892426,0.87422500,0.76610381,0.96997349,True
evaluation,nba,Los Angeles Lakers,oklahoma-city-thunder-los-angeles-lakers,2026-05-05T20:30:00-04:00,0.06500000,0.02750000,0.42307692,0.86020127,0.00422500,0.00000000,-0.05043954,False
evaluation,nba,San Antonio Spurs,san-antonio-spurs-minnesota-timberwolves,2026-05-04T21:30:00-04:00,0.82500000,0.19850000,0.24060606,1.42459429,0.68062500,0.26376394,0.70903321,True
evaluation,nba,Minnesota Timberwolves,san-antonio-spurs-minnesota-timberwolves,2026-05-04T21:30:00-04:00,0.17500000,0.01950000,0.11142857,2.19437151,0.03062500,0.00000000,0.03975737,True
evaluation,nba,Cleveland Cavaliers,cleveland-cavaliers-new-york-knicks,2026-05-19T20:00:00-04:00,0.29000000,0.04450000,0.15344828,1.87439173,0.08410000,0.00000000,0.01693104,True
evaluation,nba,New York Knicks,cleveland-cavaliers-new-york-knicks,2026-05-19T20:00:00-04:00,0.70500000,0.16950000,0.24042553,1.42534488,0.49702500,-0.64961752,0.44100750,True
evaluation,nba,San Antonio Spurs,san-antonio-spurs-oklahoma-city-thunder,2026-05-18T20:30:00-04:00,0.30500000,0.22100000,0.72459016,0.32214908,0.09302500,0.16102412,-0.22121931,False
evaluation,nba,Oklahoma City Thunder,san-antonio-spurs-oklahoma-city-thunder,2026-05-18T20:30:00-04:00,0.70000000,0.60500000,0.86428571,0.14585188,0.49000000,0.00000000,0.28608942,True
evaluation,nba_2025,Denver Nuggets,denver-nuggets-los-angeles-clippers,2025-04-19T15:30:00-04:00,0.47500000,0.02850000,0.06000000,2.81341072,0.22562500,0.60317460,0.12626588,True
evaluation,nba_2025,Los Angeles Clippers,denver-nuggets-los-angeles-clippers,2025-04-19T15:30:00-04:00,0.52500000,0.04050000,0.07714286,2.56209629,0.27562500,0.00000000,0.17873466,True
evaluation,nba_2025,Indiana Pacers,indiana-pacers-milwaukee-bucks,2025-04-19T13:00:00-04:00,0.59500000,0.00700000,0.01176471,4.44265126,0.35402500,-0.46913580,0.22420849,True
evaluation,nba_2025,Milwaukee Bucks,indiana-pacers-milwaukee-bucks,2025-04-19T13:00:00-04:00,0.40500000,0.00700000,0.01728395,4.05797692,0.16402500,0.00000000,0.04904106,True
evaluation,nba_2025,Los Angeles Lakers,los-angeles-lakers-minnesota-timberwolves,2025-04-19T20:30:00-04:00,0.64500000,0.08200000,0.12713178,2.06253107,0.41602500,0.00000000,0.34523231,True
evaluation,nba_2025,Minnesota Timberwolves,los-angeles-lakers-minnesota-timberwolves,2025-04-19T20:30:00-04:00,0.35500000,0.01250000,0.03521127,3.34638915,0.12602500,-0.73922481,0.04204681,True
evaluation,nba_2025,New York Knicks,new-york-knicks-detroit-pistons,2025-04-19T18:00:00-04:00,0.78500000,0.02150000,0.02738854,3.59763078,0.61622500,0.32071390,0.59057386,True
evaluation,nba_2025,Detroit Pistons,new-york-knicks-detroit-pistons,2025-04-19T18:00:00-04:00,0.21500000,0.00250000,0.01162791,4.45434730,0.04622500,0.00000000,0.00499497,True
evaluation,nba_2025,Houston Rockets,houston-rockets-golden-state-warriors,2025-04-20T21:30:00-04:00,0.38500000,0.01850000,0.04805195,3.03547260,0.14822500,0.00000000,0.06023930,True
evaluation,nba_2025,Golden State Warriors,houston-rockets-golden-state-warriors,2025-04-20T21:30:00-04:00,0.61500000,0.04200000,0.06829268,2.68395265,0.37822500,0.16326531,0.29579161,True
evaluation,nba_2025,Boston Celtics,boston-celtics-orlando-magic,2025-04-20T15:30:00-04:00,0.96950000,0.29000000,0.29912326,1.20689955,0.93993025,2.64414924,1.11165881,True
evaluation,nba_2025,Orlando Magic,boston-celtics-orlando-magic,2025-04-20T15:30:00-04:00,0.03050000,0.00150000,0.04918033,3.01226158,0.00093025,0.00000000,0.14717580,True
evaluation,nba_2025,Cleveland Cavaliers,cleveland-cavaliers-miami-heat,2025-04-20T19:00:00-04:00,0.94950000,0.11900000,0.12532912,2.07681204,0.90155025,-4.13499459,1.04840041,True
evaluation,nba_2025,Miami Heat,cleveland-cavaliers-miami-heat,2025-04-20T19:00:00-04:00,0.05050000,0.00050000,0.00990099,4.61512052,0.00255025,0.00000000,0.09649874,True
evaluation,nba_2025,Oklahoma City Thunder,oklahoma-city-thunder-memphis-grizzlies,2025-04-20T13:00:00-04:00,0.95100000,0.34500000,0.36277603,1.01396965,0.90440100,0.43744454,1.05041473,True
evaluation,nba_2025,Memphis Grizzlies,oklahoma-city-thunder-memphis-grizzlies,2025-04-20T13:00:00-04:00,0.04900000,0.00250000,0.05102041,2.97552957,0.00240100,0.00000000,0.12951295,True
evaluation,nba_2025,Cleveland Cavaliers,cleveland-cavaliers-indiana-pacers,2025-05-04T18:00:00-04:00,0.81500000,0.16150000,0.19815951,1.61868297,0.66422500,0.00000000,0.68775740,True
evaluation,nba_2025,Indiana Pacers,cleveland-cavaliers-indiana-pacers,2025-05-04T18:00:00-04:00,0.18500000,0.01300000,0.07027027,2.65540647,0.03422500,-0.67626239,0.04401762,True
evaluation,nba_2025,Boston Celtics,boston-celtics-new-york-knicks,2025-05-05T19:00:00-04:00,0.86500000,0.30500000,0.35260116,1.04241773,0.74822500,0.00000000,0.80141292,True
evaluation,nba_2025,New York Knicks,boston-celtics-new-york-knicks,2025-05-05T19:00:00-04:00,0.13500000,0.01850000,0.13703704,1.98750405,0.01822500,-0.39618810,0.04893015,True
evaluation,nba_2025,Oklahoma City Thunder,oklahoma-city-thunder-denver-nuggets,2025-05-05T21:30:00-04:00,0.86000000,0.40500000,0.47093023,0.75304532,0.73960000,-1.88183422,0.77224323,True
evaluation,nba_2025,Denver Nuggets,oklahoma-city-thunder-denver-nuggets,2025-05-05T21:30:00-04:00,0.14000000,0.03650000,0.26071429,1.34433016,0.01960000,0.00000000,-0.00579405,False
evaluation,nba_2025,Minnesota Timberwolves,minnesota-timberwolves-golden-state-warriors,2025-05-06T21:30:00-04:00,0.65000000,0.07600000,0.11692308,2.14623902,0.42250000,-1.10150376,0.35399565,True
evaluation,nba_2025,Golden State Warriors,minnesota-timberwolves-golden-state-warriors,2025-05-06T21:30:00-04:00,0.35000000,0.04450000,0.12714286,2.06244397,0.12250000,0.00000000,0.04064223,True
evaluation,nba_2025,Indiana Pacers,indiana-pacers-new-york-knicks,2025-05-21T20:00:00-04:00,0.40500000,0.10300000,0.25432099,1.36915808,0.16402500,0.63322999,0.03492894,True
evaluation,nba_2025,New York Knicks,indiana-pacers-new-york-knicks,2025-05-21T20:00:00-04:00,0.59500000,0.14750000,0.24789916,1.39473323,0.35402500,0.00000000,0.24759657,True
evaluation,nba_2025,Oklahoma City Thunder,oklahoma-city-thunder-minnesota-timberwolves,2025-05-20T20:30:00-04:00,0.75500000,0.60500000,0.80132450,0.22148929,0.57002500,0.00674650,0.43337218,True
evaluation,nba_2025,Minnesota Timberwolves,oklahoma-city-thunder-minnesota-timberwolves,2025-05-20T20:30:00-04:00,0.24500000,0.15050000,0.61428571,0.48729513,0.06002500,0.00000000,-0.19069341,False
evaluation,nfl,Los Angeles Rams,los-angeles-rams-carolina-panthers,2026-01-10T16:30:00-05:00,0.81500000,0.17000000,0.20858896,1.56738968,0.66422500,0.62424483,0.68704947,True
evaluation,nfl,Carolina Panthers,los-angeles-rams-carolina-panthers,2026-01-10T16:30:00-05:00,0.18500000,0.00750000,0.04054054,3.20545280,0.03422500,0.00000000,0.04170900,True
evaluation,nfl,Green Bay Packers,green-bay-packers-chicago-bears,2026-01-10T20:00:00-05:00,0.54500000,0.03200000,0.05871560,2.83504989,0.29702500,0.00000000,0.19945783,True
evaluation,nfl,Chicago Bears,green-bay-packers-chicago-bears,2026-01-10T20:00:00-05:00,0.45500000,0.03600000,0.07912088,2.53677848,0.20702500,0.43182977,0.11062589,True
evaluation,nfl,Buffalo Bills,buffalo-bills-jacksonville-jaguars,2026-01-11T13:00:00-05:00,0.45500000,0.07500000,0.16483516,1.80280931,0.20702500,0.33211009,0.09931347,True
evaluation,nfl,Jacksonville Jaguars,buffalo-bills-jacksonville-jaguars,2026-01-11T13:00:00-05:00,0.54500000,0.07250000,0.13302752,2.01719923,0.29702500,0.00000000,0.19975571,True
evaluation,nfl,San Francisco 49ers,san-francisco-49ers-philadelphia-eagles,2026-01-11T16:30:00-05:00,0.31500000,0.03250000,0.10317460,2.27133255,0.09922500,0.62504211,0.03396072,True
evaluation,nfl,Philadelphia Eagles,san-francisco-49ers-philadelphia-eagles,2026-01-11T16:30:00-05:00,0.68500000,0.10500000,0.15328467,1.87545849,0.46922500,0.00000000,0.41356396,True
evaluation,nfl,Los Angeles Chargers,los-angeles-chargers-new-england-patriots,2026-01-11T20:00:00-05:00,0.35500000,0.02700000,0.07605634,2.57628092,0.12602500,0.00000000,0.04948493,True
evaluation,nfl,New England Patriots,los-angeles-chargers-new-england-patriots,2026-01-11T20:00:00-05:00,0.64500000,0.08400000,0.13023256,2.03843352,0.41602500,-0.13556338,0.34505354,True
evaluation,nfl,Houston Texans,houston-texans-pittsburgh-steelers,2026-01-12T20:15:00-05:00,0.59500000,0.06300000,0.10588235,2.24542668,0.35402500,0.45198903,0.26866880,True
evaluation,nfl,Pittsburgh Steelers,houston-texans-pittsburgh-steelers,2026-01-12T20:15:00-05:00,0.40500000,0.01950000,0.04814815,3.03347260,0.16402500,0.00000000,0.07132542,True
evaluation,nfl,Buffalo Bills,buffalo-bills-denver-broncos,2026-01-17T16:30:00-05:00,0.46500000,0.13500000,0.29032258,1.23676263,0.21622500,0.00000000,0.07417231,True
evaluation,nfl,Denver Broncos,buffalo-bills-denver-broncos,2026-01-17T16:30:00-05:00,0.53500000,0.10400000,0.19439252,1.63787585,0.28622500,1.25997725,0.17691347,True
evaluation,nfl,San Francisco 49ers,san-francisco-49ers-seattle-seahawks,2026-01-17T20:00:00-05:00,0.27500000,0.05300000,0.19272727,1.64647918,0.07562500,0.00000000,0.00209233,True
evaluation,nfl,Seattle Seahawks,san-francisco-49ers-seattle-seahawks,2026-01-17T20:00:00-05:00,0.72500000,0.22150000,0.30551724,1.18574907,0.52562500,-0.72583624,0.47095612,True
evaluation,nfl,Houston Texans,houston-texans-new-england-patriots,2026-01-18T15:00:00-05:00,0.36500000,0.09800000,0.26849315,1.31492987,0.13322500,0.00000000,0.00509746,True
evaluation,nfl,New England Patriots,houston-texans-new-england-patriots,2026-01-18T15:00:00-05:00,0.63500000,0.16950000,0.26692913,1.32077207,0.40322500,-0.10336606,0.30769144,True
evaluation,nfl,Los Angeles Rams,los-angeles-rams-chicago-bears,2026-01-18T18:30:00-05:00,0.65500000,0.19950000,0.30458015,1.18882100,0.42902500,0.30053394,0.33471004,True
evaluation,nfl,Chicago Bears,los-angeles-rams-chicago-bears,2026-01-18T18:30:00-05:00,0.34500000,0.05600000,0.16231884,1.81819273,0.11902500,0.00000000,0.02990591,True
evaluation,nfl,New England Patriots,new-england-patriots-denver-broncos,2026-01-25T15:00:00-05:00,0.65500000,0.24150000,0.36870229,0.99776576,0.42902500,0.02124404,0.32036925,True
evaluation,nfl,Denver Broncos,new-england-patriots-denver-broncos,2026-01-25T15:00:00-05:00,0.34500000,0.08300000,0.24057971,1.42470381,0.11902500,0.00000000,0.00503136,True
evaluation,nfl,Los Angeles Rams,los-angeles-rams-seattle-seahawks,2026-01-25T18:30:00-05:00,0.44500000,0.28100000,0.63146067,0.45971961,0.19802500,0.00000000,-0.06817474,False
evaluation,nfl,Seattle Seahawks,los-angeles-rams-seattle-seahawks,2026-01-25T18:30:00-05:00,0.55500000,0.36350000,0.65495495,0.42318882,0.30802500,-0.07049132,0.06881923,True
evaluation,nhl,Pittsburgh Penguins,pittsburgh-penguins-philadelphia-flyers,2026-04-18T20:00:00-04:00,0.76500000,0.03650000,0.04771242,3.04256357,0.58522500,0.00000000,0.56169946,True
evaluation,nhl,Philadelphia Flyers,pittsburgh-penguins-philadelphia-flyers,2026-04-18T20:00:00-04:00,0.23500000,0.00550000,0.02340426,3.75483742,0.05522500,-1.03862151,0.01963079,True
evaluation,nhl,Buffalo Sabres,buffalo-sabres-boston-bruins,2026-04-19T19:30:00-04:00,0.62500000,0.05800000,0.09280000,2.37730864,0.39062500,0.43965517,0.31349732,True
evaluation,nhl,Boston Bruins,buffalo-sabres-boston-bruins,2026-04-19T19:30:00-04:00,0.37500000,0.02000000,0.05333333,2.93119375,0.14062500,0.00000000,0.05653587,True
evaluation,nhl,Minnesota Wild,minnesota-wild-dallas-stars,2026-04-18T17:30:00-04:00,0.48500000,0.04750000,0.09793814,2.32341918,0.23522500,0.40521206,0.13699658,True
evaluation,nhl,Dallas Stars,minnesota-wild-dallas-stars,2026-04-18T17:30:00-04:00,0.51500000,0.06300000,0.12233010,2.10103217,0.26522500,0.00000000,0.16587306,True
evaluation,nhl,Carolina Hurricanes,carolina-hurricanes-ottawa-senators,2026-04-18T15:00:00-04:00,0.59500000,0.13500000,0.22689076,1.48328663,0.35402500,0.12940101,0.25204751,True
evaluation,nhl,Ottawa Senators,carolina-hurricanes-ottawa-senators,2026-04-18T15:00:00-04:00,0.40500000,0.05200000,0.12839506,2.05264335,0.16402500,0.00000000,0.06907139,True
evaluation,nhl,Montreal Canadiens,montreal-canadiens-tampa-bay-lightning,2026-04-19T17:45:00-04:00,0.33000000,0.03950000,0.11969697,2.12279198,0.10890000,0.41394294,0.03502365,True
evaluation,nhl,Tampa Bay Lightning,montreal-canadiens-tampa-bay-lightning,2026-04-19T17:45:00-04:00,0.67000000,0.11900000,0.17761194,1.72815422,0.44890000,0.00000000,0.38379072,True
evaluation,nhl,Utah Mammoth,utah-mammoth-vegas-golden-knights,2026-04-19T22:00:00-04:00,0.38000000,0.01950000,0.05131579,2.96975679,0.14440000,0.00000000,0.05852870,True
evaluation,nhl,Vegas Golden Knights,utah-mammoth-vegas-golden-knights,2026-04-19T22:00:00-04:00,0.62000000,0.06550000,0.10564516,2.24766934,0.38440000,-0.03374849,0.30591638,True
evaluation,nhl,Anaheim Ducks,anaheim-ducks-edmonton-oilers,2026-04-20T22:00:00-04:00,0.26500000,0.00950000,0.03584906,3.32843803,0.07022500,-0.36627282,0.02580248,True
evaluation,nhl,Edmonton Oilers,anaheim-ducks-edmonton-oilers,2026-04-20T22:00:00-04:00,0.73500000,0.10500000,0.14285714,1.94591015,0.54022500,0.00000000,0.51164786,True
evaluation,nhl,Colorado Avalanche,colorado-avalanche-los-angeles-kings,2026-04-19T15:00:00-04:00,0.82000000,0.25350000,0.30914634,1.17394052,0.67240000,0.46088100,0.68908017,True
evaluation,nhl,Los Angeles Kings,colorado-avalanche-los-angeles-kings,2026-04-19T15:00:00-04:00,0.18000000,0.00650000,0.03611111,3.32115467,0.03240000,0.00000000,0.04195322,True
evaluation,nhl,Colorado Avalanche,colorado-avalanche-minnesota-wild,2026-05-03T21:00:00-04:00,0.66000000,0.30050000,0.45530303,0.78679208,0.43560000,0.32171870,0.30877618,True
evaluation,nhl,Minnesota Wild,colorado-avalanche-minnesota-wild,2026-05-03T21:00:00-04:00,0.34000000,0.08450000,0.24852941,1.39219408,0.11560000,0.00000000,0.00005012,True
evaluation,nhl,Carolina Hurricanes,carolina-hurricanes-philadelphia-flyers,2026-05-02T20:00:00-04:00,0.78000000,0.24500000,0.31410256,1.15803571,0.60840000,-0.44712430,0.59154862,True
evaluation,nhl,Philadelphia Flyers,carolina-hurricanes-philadelphia-flyers,2026-05-02T20:00:00-04:00,0.22000000,0.02600000,0.11818182,2.13553101,0.04840000,0.00000000,0.02659405,True
evaluation,nhl,Anaheim Ducks,anaheim-ducks-vegas-golden-knights,2026-05-04T21:30:00-04:00,0.33500000,0.03350000,0.10000000,2.30258509,0.11222500,0.00000000,0.04012858,True
evaluation,nhl,Vegas Golden Knights,anaheim-ducks-vegas-golden-knights,2026-05-04T21:30:00-04:00,0.66500000,0.11600000,0.17443609,1.74619685,0.44222500,0.67485847,0.37525573,True
evaluation,nhl,Buffalo Sabres,buffalo-sabres-montreal-canadiens,2026-05-06T19:00:00-04:00,0.55000000,0.06850000,0.12454545,2.08308453,0.30250000,0.00000000,0.20692501,True
evaluation,nhl,Montreal Canadiens,buffalo-sabres-montreal-canadiens,2026-05-06T19:00:00-04:00,0.45000000,0.07050000,0.15666667,1.85363487,0.20250000,0.73887814,0.09679204,True
evaluation,nhl,Montreal Canadiens,montreal-canadiens-carolina-hurricanes,2026-05-21T20:00:00-04:00,0.29500000,0.10800000,0.36610169,1.00484413,0.08702500,0.00000000,-0.06267855,False
evaluation,nhl,Carolina Hurricanes,montreal-canadiens-carolina-hurricanes,2026-05-21T20:00:00-04:00,0.70500000,0.39500000,0.56028369,0.57931204,0.49702500,-0.14953873,0.37428388,True
evaluation,nhl,Colorado Avalanche,colorado-avalanche-vegas-golden-knights,2026-05-20T20:00:00-04:00,0.67500000,0.41250000,0.61111111,0.49247649,0.45562500,0.00000000,0.29854929,True
evaluation,nhl,Vegas Golden Knights,colorado-avalanche-vegas-golden-knights,2026-05-20T20:00:00-04:00,0.30850000,0.13150000,0.42625608,0.85271499,0.09517225,-0.03814653,-0.08394127,False
evaluation,nhl_2025,Dallas Stars,dallas-stars-colorado-avalanche,2025-04-19T20:55:00-04:00,0.36000000,0.06500000,0.18055556,1.71171676,0.12960000,0.47644231,0.03128968,True
evaluation,nhl_2025,Colorado Avalanche,dallas-stars-colorado-avalanche,2025-04-19T20:55:00-04:00,0.64000000,0.11000000,0.17187500,1.76098781,0.40960000,0.00000000,0.33262806,True
evaluation,nhl_2025,Carolina Hurricanes,carolina-hurricanes-new-jersey-devils,2025-04-20T15:15:00-04:00,0.74500000,0.09500000,0.12751678,2.05950733,0.55502500,-0.99896801,0.53264897,True
evaluation,nhl_2025,New Jersey Devils,carolina-hurricanes-new-jersey-devils,2025-04-20T15:15:00-04:00,0.25500000,0.02250000,0.08823529,2.42774824,0.06502500,0.00000000,0.02968935,True
evaluation,nhl_2025,Edmonton Oilers,edmonton-oilers-los-angeles-kings,2025-04-21T22:22:00-04:00,0.30500000,0.09000000,0.29508197,1.22050211,0.09302500,0.70743405,-0.03031333,False
evaluation,nhl_2025,Los Angeles Kings,edmonton-oilers-los-angeles-kings,2025-04-21T22:22:00-04:00,0.69500000,0.05300000,0.07625899,2.57361993,0.48302500,0.00000000,0.43103312,True
evaluation,nhl_2025,Toronto Maple Leafs,toronto-maple-leafs-ottawa-senators,2025-04-20T19:10:00-04:00,0.82000000,0.07500000,0.09146341,2.39181623,0.67240000,-1.12592593,0.69800015,True
evaluation,nhl_2025,Ottawa Senators,toronto-maple-leafs-ottawa-senators,2025-04-20T19:10:00-04:00,0.18000000,0.02300000,0.12777778,2.05746263,0.03240000,0.00000000,0.03336194,True
evaluation,nhl_2025,Tampa Bay Lightning,tampa-bay-lightning-florida-panthers,2025-04-22T20:49:00-04:00,0.49500000,0.07450000,0.15050505,1.89375864,0.24502500,0.00000000,0.14031031,True
evaluation,nhl_2025,Florida Panthers,tampa-bay-lightning-florida-panthers,2025-04-22T20:49:00-04:00,0.50500000,0.09000000,0.17821782,1.72474876,0.25502500,-0.07687991,0.14551641,True
evaluation,nhl_2025,Winnipeg Jets,winnipeg-jets-st-louis-blues,2025-04-19T18:15:00-04:00,0.83000000,0.12950000,0.15602410,1.85774482,0.68890000,1.75403134,0.72597581,True
evaluation,nhl_2025,St. Louis Blues,winnipeg-jets-st-louis-blues,2025-04-19T18:15:00-04:00,0.17000000,0.02250000,0.13235294,2.02228313,0.02890000,0.00000000,0.03532597,True
evaluation,nhl_2025,Vegas Golden Knights,vegas-golden-knights-minnesota-wild,2025-04-20T22:10:00-04:00,0.84000000,0.08500000,0.10119048,2.29075064,0.70560000,0.07352941,0.74797945,True
evaluation,nhl_2025,Minnesota Wild,vegas-golden-knights-minnesota-wild,2025-04-20T22:10:00-04:00,0.16000000,0.01650000,0.10312500,2.27181343,0.02560000,0.00000000,0.04768449,True
evaluation,nhl_2025,Washington Capitals,washington-capitals-montreal-canadiens,2025-04-21T19:12:00-04:00,0.72000000,0.06300000,0.08750000,2.43611649,0.51840000,0.12244898,0.48013299,True
evaluation,nhl_2025,Montreal Canadiens,washington-capitals-montreal-canadiens,2025-04-21T19:12:00-04:00,0.28000000,0.02150000,0.07678571,2.56673667,0.07840000,0.00000000,0.03160121,True
evaluation,nhl_2025,Winnipeg Jets,winnipeg-jets-dallas-stars,2025-05-07T21:30:00-04:00,0.39500000,0.09850000,0.24936709,1.38882922,0.15602500,0.00000000,0.02970000,True
evaluation,nhl_2025,Dallas Stars,winnipeg-jets-dallas-stars,2025-05-07T21:30:00-04:00,0.60500000,0.15600000,0.25785124,1.35537245,0.36602500,0.18508601,0.26079478,True
evaluation,nhl_2025,Washington Capitals,washington-capitals-carolina-hurricanes,2025-05-06T19:10:00-04:00,0.18000000,0.07700000,0.42777778,0.84915143,0.03240000,0.00000000,-0.09946261,False
evaluation,nhl_2025,Carolina Hurricanes,washington-capitals-carolina-hurricanes,2025-05-06T19:10:00-04:00,0.82000000,0.14500000,0.17682927,1.73257060,0.67240000,-1.51340996,0.70099928,True
evaluation,nhl_2025,Toronto Maple Leafs,toronto-maple-leafs-florida-panthers,2025-05-05T20:12:00-04:00,0.36500000,0.09000000,0.24657534,1.40008768,0.13322500,0.00000000,0.01272279,True
evaluation,nhl_2025,Florida Panthers,toronto-maple-leafs-florida-panthers,2025-05-05T20:12:00-04:00,0.63500000,0.21000000,0.33070866,1.10651747,0.40322500,0.54435747,0.29360452,True
evaluation,nhl_2025,Vegas Golden Knights,vegas-golden-knights-edmonton-oilers,2025-05-06T21:50:00-04:00,0.48500000,0.13500000,0.27835052,1.27887411,0.23522500,0.00000000,0.09821428,True
evaluation,nhl_2025,Edmonton Oilers,vegas-golden-knights-edmonton-oilers,2025-05-06T21:50:00-04:00,0.51500000,0.12550000,0.24368932,1.41186114,0.26522500,-0.20146219,0.14127001,True
evaluation,nhl_2025,Carolina Hurricanes,carolina-hurricanes-florida-panthers,2025-05-20T20:12:00-04:00,0.47500000,0.22000000,0.46315789,0.76968726,0.22562500,0.00000000,0.02703394,True
evaluation,nhl_2025,Florida Panthers,carolina-hurricanes-florida-panthers,2025-05-20T20:12:00-04:00,0.52000000,0.28000000,0.53846154,0.61903921,0.27040000,0.11011905,0.05669478,True
evaluation,nhl_2025,Dallas Stars,dallas-stars-edmonton-oilers,2025-05-21T20:20:00-04:00,0.41000000,0.20750000,0.50609756,0.68102582,0.16810000,0.00000000,-0.05333328,False
evaluation,nhl_2025,Edmonton Oilers,dallas-stars-edmonton-oilers,2025-05-21T20:20:00-04:00,0.52000000,0.26350000,0.50673077,0.67977544,0.27040000,0.12428843,0.06731452,True
evaluation,ucl_2026,Atalanta,atalanta-bayern-munchen,2026-03-10T16:00:00-04:00,0.12500000,0.00550000,0.04400000,3.12356565,0.01562500,0.00000000,0.07093776,True
evaluation,ucl_2026,Bayern München,atalanta-bayern-munchen,2026-03-10T16:00:00-04:00,0.88000000,0.15500000,0.17613636,1.73649679,0.77440000,-2.31182796,0.85469737,True
evaluation,ucl_2026,Atlético Madrid,atletico-madrid-tottenham-hotspur,2026-03-10T16:00:00-04:00,0.70500000,0.03200000,0.04539007,3.09246190,0.49702500,-0.26959746,0.44051493,True
evaluation,ucl_2026,Tottenham Hotspur,atletico-madrid-tottenham-hotspur,2026-03-10T16:00:00-04:00,0.33000000,0.01650000,0.05000000,2.99573227,0.10890000,0.00000000,0.03905183,True
evaluation,ucl_2026,Newcastle,newcastle-barcelona,2026-03-10T16:00:00-04:00,0.30000000,0.01650000,0.05500000,2.90042209,0.09000000,0.00000000,0.03345823,True
evaluation,ucl_2026,Barcelona,newcastle-barcelona,2026-03-10T16:00:00-04:00,0.72500000,0.14000000,0.19310345,1.64452923,0.52562500,0.71753247,0.48741707,True
evaluation,ucl_2026,Leverkusen,leverkusen-arsenal,2026-03-11T13:45:00-04:00,0.12000000,0.00550000,0.04583333,3.08274365,0.01440000,0.00000000,0.07431520,True
evaluation,ucl_2026,Arsenal,leverkusen-arsenal,2026-03-11T13:45:00-04:00,0.88500000,0.28500000,0.32203390,1.13309846,0.78322500,1.00000000,0.85972672,True
evaluation,ucl_2026,Bodø/Glimt,bod-glimt-sporting-cp,2026-03-11T16:00:00-04:00,0.36500000,0.01750000,0.04794521,3.03769647,0.13322500,0.00000000,0.05085703,True
evaluation,ucl_2026,Sporting CP,bod-glimt-sporting-cp,2026-03-11T16:00:00-04:00,0.63500000,0.01150000,0.01811024,4.01127796,0.40322500,0.09231686,0.29631068,True
evaluation,ucl_2026,Paris Saint-Germain (PSG),paris-saint-germain-psg-chelsea,2026-03-11T16:00:00-04:00,0.55500000,0.07500000,0.13513514,2.00148000,0.30802500,0.00224719,0.21210233,True
evaluation,ucl_2026,Chelsea,paris-saint-germain-psg-chelsea,2026-03-11T16:00:00-04:00,0.45500000,0.03450000,0.07582418,2.57933809,0.20702500,0.00000000,0.11054843,True
evaluation,ucl_2026,Real Madrid,real-madrid-manchester-city,2026-03-11T16:00:00-04:00,0.26500000,0.05000000,0.18867925,1.66770682,0.07022500,0.53129252,0.00253844,True
evaluation,ucl_2026,Manchester City,real-madrid-manchester-city,2026-03-11T16:00:00-04:00,0.72500000,0.09500000,0.13103448,2.03229476,0.52562500,0.00000000,0.49169688,True
evaluation,ucl_2026,Sporting CP,sporting-cp-arsenal,2026-04-07T15:00:00-04:00,0.15000000,0.01050000,0.07000000,2.65926004,0.02250000,0.00000000,0.05820193,True
evaluation,ucl_2026,Arsenal,sporting-cp-arsenal,2026-04-07T15:00:00-04:00,0.84000000,0.25500000,0.30357143,1.19213835,0.70560000,0.17647059,0.74066929,True
evaluation,ucl_2026,Real Madrid,real-madrid-bayern-munchen,2026-04-07T15:00:00-04:00,0.33000000,0.09500000,0.28787879,1.24521576,0.10890000,0.00000000,-0.01865066,False
evaluation,ucl_2026,Bayern München,real-madrid-bayern-munchen,2026-04-07T15:00:00-04:00,0.66500000,0.22500000,0.33834586,1.08368664,0.44222500,0.02951907,0.34571144,True
evaluation,ucl_2026,Barcelona,barcelona-atletico-madrid,2026-04-08T15:00:00-04:00,0.74000000,0.17500000,0.23648649,1.44186421,0.54760000,0.00000000,0.51337626,True
evaluation,ucl_2026,Atlético Madrid,barcelona-atletico-madrid,2026-04-08T15:00:00-04:00,0.26000000,0.03700000,0.14230769,1.94976372,0.06760000,0.36851717,0.01733588,True
evaluation,ucl_2026,Paris Saint-Germain (PSG),paris-saint-germain-psg-liverpool,2026-04-08T15:00:00-04:00,0.63500000,0.15500000,0.24409449,1.41019988,0.40322500,-0.12240389,0.31227995,True
evaluation,ucl_2026,Liverpool,paris-saint-germain-psg-liverpool,2026-04-08T15:00:00-04:00,0.36500000,0.05500000,0.15068493,1.89256417,0.13322500,0.00000000,0.04179463,True
evaluation,ucl_2026,Paris Saint-Germain (PSG),paris-saint-germain-psg-bayern-munchen,2026-04-28T15:00:00-04:00,0.42500000,0.26500000,0.62352941,0.47235934,0.18062500,0.13535685,-0.08579404,False
evaluation,ucl_2026,Bayern München,paris-saint-germain-psg-bayern-munchen,2026-04-28T15:00:00-04:00,0.58500000,0.36500000,0.62393162,0.47171449,0.34222500,0.00000000,0.12729900,True
evaluation,ucl_2026,Atlético Madrid,atletico-madrid-arsenal,2026-04-29T15:00:00-04:00,0.33000000,0.10850000,0.32878788,1.11234248,0.10890000,0.00000000,-0.03458916,False
evaluation,ucl_2026,Arsenal,atletico-madrid-arsenal,2026-04-29T15:00:00-04:00,0.66500000,0.28500000,0.42857143,0.84729786,0.44222500,0.16417910,0.32485964,True
evaluation,wimbledon_2026,Casper Ruud,casper-ruud-hubert-hurkacz,2026-06-29T08:20:00-04:00,0.33500000,0.00150000,0.00447761,5.40866542,0.11222500,0.00000000,-0.02291421,False
evaluation,wimbledon_2026,Hubert Hurkacz,casper-ruud-hubert-hurkacz,2026-06-29T08:20:00-04:00,0.66500000,0.00350000,0.00526316,5.24702407,0.44222500,0.14925373,0.30498858,True
evaluation,wimbledon_2026,Marin Cilic,marin-cilic-daniil-medvedev,2026-06-29T11:00:00-04:00,0.27500000,0.00050000,0.00181818,6.30991828,0.07562500,0.00000000,-0.06247915,False
evaluation,wimbledon_2026,Daniil Medvedev,marin-cilic-daniil-medvedev,2026-06-29T11:00:00-04:00,0.72500000,0.01600000,0.02206897,3.81358293,0.52562500,-0.56534091,0.45984602,True
evaluation,wimbledon_2026,Jiri Lehecka,jiri-lehecka-alexei-popyrin,2026-06-30T14:15:00-04:00,0.96500000,0.00750000,0.00777202,4.85722508,0.93122500,-24.73333333,1.01444173,True
evaluation,wimbledon_2026,Alexei Popyrin,jiri-lehecka-alexei-popyrin,2026-06-30T14:15:00-04:00,0.03500000,0.00050000,0.01428571,4.24849524,0.00122500,0.00000000,0.12171207,True
evaluation,wimbledon_2026,Stefanos Tsitsipas,stefanos-tsitsipas-novak-djokovic,2026-07-01T14:45:00-04:00,0.20500000,0.00100000,0.00487805,5.32300998,0.04202500,0.00000000,-0.01965457,False
evaluation,wimbledon_2026,Novak Djokovic,stefanos-tsitsipas-novak-djokovic,2026-07-01T14:45:00-04:00,0.79500000,0.11850000,0.14905660,1.90342915,0.63202500,0.24729855,0.64244759,True
evaluation,wimbledon_2026,Gabriel Diallo,gabriel-diallo-lorenzo-sonego,2026-07-02T06:05:00-04:00,0.50500000,0.00150000,0.00297030,5.81909332,0.25502500,0.00000000,0.07114021,True
evaluation,wimbledon_2026,Lorenzo Sonego,gabriel-diallo-lorenzo-sonego,2026-07-02T06:05:00-04:00,0.49500000,0.00150000,0.00303030,5.79909265,0.24502500,1.32673267,0.06206975,True
evaluation,wimbledon_2026,Matteo Berrettini,matteo-berrettini-arthur-fils,2026-07-02T10:10:00-04:00,0.34500000,0.00650000,0.01884058,3.97174224,0.11902500,0.10863183,0.02428394,True
evaluation,wimbledon_2026,Arthur Fils,matteo-berrettini-arthur-fils,2026-07-02T10:10:00-04:00,0.65500000,0.02350000,0.03587786,3.32763481,0.42902500,0.00000000,0.34693994,True
evaluation,wimbledon_2026,Jakub Mensik,jakub-mensik-grigor-dimitrov,2026-07-02T12:40:00-04:00,0.64500000,0.01650000,0.02558140,3.66588994,0.41602500,0.00000000,0.32196592,True
evaluation,wimbledon_2026,Grigor Dimitrov,jakub-mensik-grigor-dimitrov,2026-07-02T12:40:00-04:00,0.35500000,0.00150000,0.00422535,5.46665268,0.12602500,-3.03617571,-0.01853715,False
evaluation,wimbledon_2026,Hubert Hurkacz,hubert-hurkacz-tommy-paul,2026-07-03T09:55:00-04:00,0.37500000,0.00400000,0.01066667,4.54063166,0.14062500,0.25000000,0.01951235,True
evaluation,wimbledon_2026,Tommy Paul,hubert-hurkacz-tommy-paul,2026-07-03T09:55:00-04:00,0.62500000,0.01400000,0.02240000,3.79869432,0.39062500,0.00000000,0.28704557,True
evaluation,wimbledon_2026,Karen Khachanov,karen-khachanov-flavio-cobolli,2026-07-04T08:10:00-04:00,0.58500000,0.00250000,0.00427350,5.45532112,0.34222500,0.00000000,0.17710051,True
evaluation,wimbledon_2026,Flavio Cobolli,karen-khachanov-flavio-cobolli,2026-07-04T08:10:00-04:00,0.41500000,0.00650000,0.01566265,4.15647634,0.17222500,-0.25509533,0.05226622,True
evaluation,wimbledon_2026,Taylor Fritz,taylor-fritz-lorenzo-sonego,2026-07-04T12:35:00-04:00,0.88500000,0.06150000,0.06949153,2.66655047,0.78322500,1.25026511,0.85689601,True
evaluation,wimbledon_2026,Lorenzo Sonego,taylor-fritz-lorenzo-sonego,2026-07-04T12:35:00-04:00,0.11500000,0.00150000,0.01304348,4.33946702,0.01322500,0.00000000,0.05291162,True
evaluation,wimbledon_2026,Frances Tiafoe,frances-tiafoe-alexander-bublik,2026-07-04T13:15:00-04:00,0.51500000,0.01350000,0.02621359,3.64147722,0.26522500,0.00000000,0.14978301,True
evaluation,wimbledon_2026,Alexander Bublik,frances-tiafoe-alexander-bublik,2026-07-04T13:15:00-04:00,0.48500000,0.00800000,0.01649485,4.10470735,0.23522500,-0.17718447,0.10765682,True
evaluation,wimbledon_2026,Grigor Dimitrov,grigor-dimitrov-matteo-berrettini,2026-07-04T13:25:00-04:00,0.40500000,0.01750000,0.04320988,3.14168619,0.16402500,0.18319328,0.06975245,True
evaluation,wimbledon_2026,Matteo Berrettini,grigor-dimitrov-matteo-berrettini,2026-07-04T13:25:00-04:00,0.59500000,0.01150000,0.01932773,3.94621437,0.35402500,0.00000000,0.23922247,True
evaluation,wimbledon_2026,Felix Auger-Aliassime,felix-auger-aliassime-alejandro-davidovich-fokina,2026-07-05T10:40:00-04:00,0.60500000,0.02550000,0.04214876,3.16655001,0.36602500,0.42938694,0.27306797,True
evaluation,wimbledon_2026,Alejandro Davidovich Fokina,felix-auger-aliassime-alejandro-davidovich-fokina,2026-07-05T10:40:00-04:00,0.39500000,0.00750000,0.01898734,3.96398274,0.15602500,0.00000000,0.04602476,True
evaluation,wimbledon_2026,Alex de Minaur,alex-de-minaur-flavio-cobolli,2026-07-06T08:10:00-04:00,0.76500000,0.02150000,0.02810458,3.57182290,0.58522500,0.00000000,0.54807870,True
evaluation,wimbledon_2026,Flavio Cobolli,alex-de-minaur-flavio-cobolli,2026-07-06T08:10:00-04:00,0.23500000,0.01750000,0.07446809,2.59738463,0.05522500,0.75424837,0.03258288,True
evaluation,wimbledon_2026,Taylor Fritz,taylor-fritz-alexander-bublik,2026-07-06T13:00:00-04:00,0.69500000,0.06850000,0.09856115,2.31707810,0.48302500,-0.06449683,0.43332638,True
evaluation,wimbledon_2026,Alexander Bublik,taylor-fritz-alexander-bublik,2026-07-06T13:00:00-04:00,0.30500000,0.01700000,0.05573770,2.88709843,0.09302500,0.00000000,0.03436431,True
evaluation,wimbledon_2026,Jiri Lehecka,jiri-lehecka-alexander-zverev,2026-07-06T15:50:00-04:00,0.27500000,0.01200000,0.04363636,3.13186445,0.07562500,0.00000000,0.02880022,True
evaluation,wimbledon_2026,Alexander Zverev,jiri-lehecka-alexander-zverev,2026-07-06T15:50:00-04:00,0.72500000,0.08350000,0.11517241,2.16132502,0.52562500,0.54218835,0.49171990,True
evaluation,wimbledon_2026,Felix Auger-Aliassime,felix-auger-aliassime-novak-djokovic,2026-07-07T12:25:00-04:00,0.40500000,0.02200000,0.05432099,2.91284461,0.16402500,0.00000000,0.07276802,True
evaluation,wimbledon_2026,Novak Djokovic,felix-auger-aliassime-novak-djokovic,2026-07-07T12:25:00-04:00,0.59500000,0.12000000,0.20168067,1.60106966,0.35402500,0.84084362,0.25697663,True
evaluation,wimbledon_2026,Flavio Cobolli,flavio-cobolli-arthur-fery,2026-07-08T10:05:00-04:00,0.68500000,0.03800000,0.05547445,2.89183268,0.46922500,0.00000000,0.40792413,True
evaluation,wimbledon_2026,Arthur Fery,flavio-cobolli-arthur-fery,2026-07-08T10:05:00-04:00,0.31500000,0.01300000,0.04126984,3.18762328,0.09922500,0.52245929,0.03299878,True
evaluation,wimbledon_2026,Taylor Fritz,taylor-fritz-alexander-zverev,2026-07-08T10:25:00-04:00,0.54500000,0.09750000,0.17889908,1.72093342,0.29702500,0.00000000,0.19247908,True
evaluation,wimbledon_2026,Alexander Zverev,taylor-fritz-alexander-zverev,2026-07-08T10:25:00-04:00,0.45500000,0.09750000,0.21428571,1.54044504,0.20702500,-0.07033639,0.08702558,True
evaluation,wimbledon_2026,Arthur Fery,arthur-fery-alexander-zverev,2026-07-10T08:30:00-04:00,0.13500000,0.02650000,0.19629630,1.62813005,0.01822500,0.00000000,0.02556972,True
evaluation,wimbledon_2026,Alexander Zverev,arthur-fery-alexander-zverev,2026-07-10T08:30:00-04:00,0.86500000,0.23550000,0.27225434,1.30101859,0.74822500,-0.10191083,0.80958091,True
evaluation,wimbledon_2026,Jannik Sinner,jannik-sinner-novak-djokovic,2026-07-10T11:20:00-04:00,0.82500000,0.62500000,0.75757576,0.27763174,0.68062500,-0.20685714,0.62681834,True
evaluation,wimbledon_2026,Novak Djokovic,jannik-sinner-novak-djokovic,2026-07-10T11:20:00-04:00,0.17500000,0.11200000,0.64000000,0.44628710,0.03062500,0.00000000,-0.20931655,False
