"sport","threshold_percent","qualifying_hedges","trade_count","total_pnl","pnl_per_hedge","return_on_stake","max_drawdown"
"fifa","0","64","256","28.577009","0.446516","0.004465","0.001017"
"fifa","1","64","256","28.577009","0.446516","0.004465","0.001017"
"fifa","2","64","256","28.577009","0.446516","0.004465","0.001017"
"fifa","3","64","256","28.577009","0.446516","0.004465","0.001017"
"fifa","4","64","256","28.577009","0.446516","0.004465","0.001017"
"fifa","5","64","256","28.577009","0.446516","0.004465","0.001017"
"fifa","6","64","256","28.577009","0.446516","0.004465","0.001017"
"fifa","7","63","252","28.627009","0.454397","0.004544","0.001017"
"fifa","8","62","248","28.677009","0.462532","0.004625","0.001017"
"fifa","9","62","248","28.677009","0.462532","0.004625","0.001017"
"fifa","10","62","248","28.677009","0.462532","0.004625","0.001017"
"fifa","11","62","248","28.677009","0.462532","0.004625","0.001017"
"fifa","12","62","248","28.677009","0.462532","0.004625","0.001017"
"fifa","13","60","240","28.777009","0.479617","0.004796","0.001017"
"fifa","14","58","232","28.706638","0.494942","0.004949","0.001017"
"fifa","15","57","228","28.756638","0.504502","0.005045","0.001017"
"fifa","16","57","228","28.756638","0.504502","0.005045","0.001017"
"fifa","17","56","224","28.806638","0.514404","0.005144","0.001017"
"fifa","18","56","224","28.806638","0.514404","0.005144","0.001017"
"fifa","19","56","224","28.806638","0.514404","0.005144","0.001017"
"fifa","20","55","220","28.856638","0.524666","0.005247","0.001017"
"fifa","21","55","220","28.856638","0.524666","0.005247","0.001017"
"fifa","22","55","220","28.856638","0.524666","0.005247","0.001017"
"fifa","23","54","216","28.906638","0.535308","0.005353","0.001017"
"fifa","24","54","216","28.906638","0.535308","0.005353","0.001017"
"fifa","25","53","212","28.956638","0.546352","0.005464","0.001017"
"fifa","26","53","212","28.956638","0.546352","0.005464","0.001017"
"fifa","27","52","208","29.006638","0.557820","0.005578","0.001017"
"fifa","28","51","204","29.056638","0.569738","0.005697","0.001017"
"fifa","29","47","188","28.516287","0.606730","0.006067","0.001017"
"fifa","30","47","188","28.516287","0.606730","0.006067","0.001017"
"fifa","31","46","184","28.352353","0.616356","0.006164","0.001043"
"fifa","32","46","184","28.352353","0.616356","0.006164","0.001043"
"fifa","33","45","180","28.402353","0.631163","0.006312","0.001043"
"fifa","34","43","172","28.502353","0.662845","0.006628","0.001043"
"fifa","35","42","168","28.552353","0.679818","0.006798","0.001043"
"fifa","36","42","168","28.552353","0.679818","0.006798","0.001043"
"fifa","37","42","168","28.552353","0.679818","0.006798","0.001043"
"fifa","38","41","164","28.602353","0.697618","0.006976","0.001043"
"fifa","39","40","160","28.652353","0.716309","0.007163","0.001043"
"fifa","40","40","160","28.652353","0.716309","0.007163","0.001043"
"fifa","41","38","152","28.506674","0.750176","0.007502","0.001043"
"fifa","42","36","144","29.353662","0.815379","0.008154","0.001035"
"fifa","43","36","144","29.353662","0.815379","0.008154","0.001035"
"fifa","44","36","144","29.353662","0.815379","0.008154","0.001035"
"fifa","45","35","140","35.672676","1.019219","0.010192","0.000115"
"fifa","46","35","140","35.672676","1.019219","0.010192","0.000115"
"fifa","47","33","132","35.32817","1.070551","0.010706","0.000115"
"fifa","48","32","128","35.37817","1.105568","0.011056","0.000115"
"fifa","49","32","128","35.37817","1.105568","0.011056","0.000115"
"fifa","50","32","128","35.37817","1.105568","0.011056","0.000115"
"fifa","51","32","128","35.37817","1.105568","0.011056","0.000115"
"fifa","52","32","128","35.37817","1.105568","0.011056","0.000115"
"fifa","53","31","124","33.913884","1.093996","0.010940","0.000115"
"fifa","54","29","116","34.013884","1.172893","0.011729","0.000115"
"fifa","55","29","116","34.013884","1.172893","0.011729","0.000115"
"fifa","56","28","112","34.063884","1.216567","0.012166","0.000115"
"fifa","57","28","112","34.063884","1.216567","0.012166","0.000115"
"fifa","58","28","112","34.063884","1.216567","0.012166","0.000115"
"fifa","59","26","104","34.362392","1.321630","0.013216","0.000115"
"fifa","60","24","96","34.410291","1.433762","0.014338","0.000115"
"fifa","61","24","96","34.410291","1.433762","0.014338","0.000115"
"fifa","62","23","92","33.326957","1.448998","0.014490","0.000123"
"fifa","63","22","88","33.296957","1.513498","0.015135","0.000123"
"fifa","64","22","88","33.296957","1.513498","0.015135","0.000123"
"fifa","65","22","88","33.296957","1.513498","0.015135","0.000123"
"fifa","66","21","84","31.723293","1.510633","0.015106","0.000123"
"fifa","67","19","76","31.017326","1.632491","0.016325","0.000123"
"fifa","68","18","72","29.347363","1.630409","0.016304","0.000123"
"fifa","69","18","72","29.347363","1.630409","0.016304","0.000123"
"fifa","70","17","68","29.347363","1.726315","0.017263","0.000123"
"fifa","71","17","68","29.347363","1.726315","0.017263","0.000123"
"fifa","72","13","52","26.49002","2.037694","0.020377","0.000123"
"fifa","73","12","48","23.144511","1.928709","0.019287","0.000123"
"fifa","74","11","44","21.015024","1.910457","0.019105","0.000123"
"fifa","75","11","44","21.015024","1.910457","0.019105","0.000123"
"fifa","76","10","40","16.450762","1.645076","0.016451","0.000123"
"fifa","77","10","40","16.450762","1.645076","0.016451","0.000123"
"fifa","78","9","36","13.883692","1.542632","0.015426","0.000123"
"fifa","79","9","36","13.883692","1.542632","0.015426","0.000123"
"fifa","80","9","36","13.883692","1.542632","0.015426","0.000123"
"fifa","81","8","32","13.741767","1.717721","0.017177","0.000123"
"fifa","82","8","32","13.741767","1.717721","0.017177","0.000123"
"fifa","83","8","32","13.741767","1.717721","0.017177","0.000123"
"fifa","84","7","28","12.958833","1.851262","0.018513","0.000123"
"fifa","85","7","28","12.958833","1.851262","0.018513","0.000123"
"fifa","86","6","24","13.078906","2.179818","0.021798","0.000123"
"fifa","87","4","16","9.443068","2.360767","0.023608","0.000115"
"fifa","88","2","8","7.414496","3.707248","0.037072","0"
"fifa","89","2","8","7.414496","3.707248","0.037072","0"
"fifa","90","2","8","7.414496","3.707248","0.037072","0"
"fifa","91","2","8","7.414496","3.707248","0.037072","0"
"fifa","92","2","8","7.414496","3.707248","0.037072","0"
"fifa","93","1","4","3.959091","3.959091","0.039591","0"
"fifa","94","0","0","0","","","0"
"fifa","95","0","0","0","","","0"
"fifa","96","0","0","0","","","0"
"fifa","97","0","0","0","","","0"
"fifa","98","0","0","0","","","0"
"fifa","99","0","0","0","","","0"
"fifa","100","0","0","0","","","0"
"lol_worlds_2025","0","12","48","-18.794737","-1.566228","-0.015662","0.016748"
"lol_worlds_2025","1","12","48","-18.794737","-1.566228","-0.015662","0.016748"
"lol_worlds_2025","2","12","48","-18.794737","-1.566228","-0.015662","0.016748"
"lol_worlds_2025","3","12","48","-18.794737","-1.566228","-0.015662","0.016748"
"lol_worlds_2025","4","12","48","-18.794737","-1.566228","-0.015662","0.016748"
"lol_worlds_2025","5","12","48","-18.794737","-1.566228","-0.015662","0.016748"
"lol_worlds_2025","6","12","48","-18.794737","-1.566228","-0.015662","0.016748"
"lol_worlds_2025","7","12","48","-18.794737","-1.566228","-0.015662","0.016748"
"lol_worlds_2025","8","12","48","-18.794737","-1.566228","-0.015662","0.016748"
"lol_worlds_2025","9","12","48","-18.794737","-1.566228","-0.015662","0.016748"
"lol_worlds_2025","10","12","48","-18.794737","-1.566228","-0.015662","0.016748"
"lol_worlds_2025","11","12","48","-18.794737","-1.566228","-0.015662","0.016748"
"lol_worlds_2025","12","12","48","-18.794737","-1.566228","-0.015662","0.016748"
"lol_worlds_2025","13","12","48","-18.794737","-1.566228","-0.015662","0.016748"
"lol_worlds_2025","14","11","44","-2.905848","-0.264168","-0.002642","0.003522"
"lol_worlds_2025","15","11","44","-2.905848","-0.264168","-0.002642","0.003522"
"lol_worlds_2025","16","11","44","-2.905848","-0.264168","-0.002642","0.003522"
"lol_worlds_2025","17","11","44","-2.905848","-0.264168","-0.002642","0.003522"
"lol_worlds_2025","18","11","44","-2.905848","-0.264168","-0.002642","0.003522"
"lol_worlds_2025","19","11","44","-2.905848","-0.264168","-0.002642","0.003522"
"lol_worlds_2025","20","11","44","-2.905848","-0.264168","-0.002642","0.003522"
"lol_worlds_2025","21","10","40","-2.855848","-0.285585","-0.002856","0.003522"
"lol_worlds_2025","22","10","40","-2.855848","-0.285585","-0.002856","0.003522"
"lol_worlds_2025","23","10","40","-2.855848","-0.285585","-0.002856","0.003522"
"lol_worlds_2025","24","10","40","-2.855848","-0.285585","-0.002856","0.003522"
"lol_worlds_2025","25","10","40","-2.855848","-0.285585","-0.002856","0.003522"
"lol_worlds_2025","26","10","40","-2.855848","-0.285585","-0.002856","0.003522"
"lol_worlds_2025","27","10","40","-2.855848","-0.285585","-0.002856","0.003522"
"lol_worlds_2025","28","10","40","-2.855848","-0.285585","-0.002856","0.003522"
"lol_worlds_2025","29","9","36","-2.805848","-0.311761","-0.003118","0.00348"
"lol_worlds_2025","30","9","36","-2.805848","-0.311761","-0.003118","0.00348"
"lol_worlds_2025","31","8","32","-2.755848","-0.344481","-0.003445","0.003438"
"lol_worlds_2025","32","8","32","-2.755848","-0.344481","-0.003445","0.003438"
"lol_worlds_2025","33","8","32","-2.755848","-0.344481","-0.003445","0.003438"
"lol_worlds_2025","34","8","32","-2.755848","-0.344481","-0.003445","0.003438"
"lol_worlds_2025","35","8","32","-2.755848","-0.344481","-0.003445","0.003438"
"lol_worlds_2025","36","8","32","-2.755848","-0.344481","-0.003445","0.003438"
"lol_worlds_2025","37","7","28","-2.705848","-0.386550","-0.003865","0.003397"
"lol_worlds_2025","38","7","28","-2.705848","-0.386550","-0.003865","0.003397"
"lol_worlds_2025","39","7","28","-2.705848","-0.386550","-0.003865","0.003397"
"lol_worlds_2025","40","7","28","-2.705848","-0.386550","-0.003865","0.003397"
"lol_worlds_2025","41","7","28","-2.705848","-0.386550","-0.003865","0.003397"
"lol_worlds_2025","42","7","28","-2.705848","-0.386550","-0.003865","0.003397"
"lol_worlds_2025","43","7","28","-2.705848","-0.386550","-0.003865","0.003397"
"lol_worlds_2025","44","7","28","-2.705848","-0.386550","-0.003865","0.003397"
"lol_worlds_2025","45","7","28","-2.705848","-0.386550","-0.003865","0.003397"
"lol_worlds_2025","46","7","28","-2.705848","-0.386550","-0.003865","0.003397"
"lol_worlds_2025","47","6","24","-4.205848","-0.700975","-0.007010","0.004645"
"lol_worlds_2025","48","6","24","-4.205848","-0.700975","-0.007010","0.004645"
"lol_worlds_2025","49","6","24","-4.205848","-0.700975","-0.007010","0.004645"
"lol_worlds_2025","50","6","24","-4.205848","-0.700975","-0.007010","0.004645"
"lol_worlds_2025","51","6","24","-4.205848","-0.700975","-0.007010","0.004645"
"lol_worlds_2025","52","6","24","-4.205848","-0.700975","-0.007010","0.004645"
"lol_worlds_2025","53","6","24","-4.205848","-0.700975","-0.007010","0.004645"
"lol_worlds_2025","54","6","24","-4.205848","-0.700975","-0.007010","0.004645"
"lol_worlds_2025","55","5","20","-4.155848","-0.831170","-0.008312","0.004604"
"lol_worlds_2025","56","5","20","-4.155848","-0.831170","-0.008312","0.004604"
"lol_worlds_2025","57","5","20","-4.155848","-0.831170","-0.008312","0.004604"
"lol_worlds_2025","58","5","20","-4.155848","-0.831170","-0.008312","0.004604"
"lol_worlds_2025","59","5","20","-4.155848","-0.831170","-0.008312","0.004604"
"lol_worlds_2025","60","5","20","-4.155848","-0.831170","-0.008312","0.004604"
"lol_worlds_2025","61","5","20","-4.155848","-0.831170","-0.008312","0.004604"
"lol_worlds_2025","62","5","20","-4.155848","-0.831170","-0.008312","0.004604"
"lol_worlds_2025","63","5","20","-4.155848","-0.831170","-0.008312","0.004604"
"lol_worlds_2025","64","5","20","-4.155848","-0.831170","-0.008312","0.004604"
"lol_worlds_2025","65","4","16","-1.362098","-0.340525","-0.003405","0.002278"
"lol_worlds_2025","66","4","16","-1.362098","-0.340525","-0.003405","0.002278"
"lol_worlds_2025","67","4","16","-1.362098","-0.340525","-0.003405","0.002278"
"lol_worlds_2025","68","4","16","-1.362098","-0.340525","-0.003405","0.002278"
"lol_worlds_2025","69","4","16","-1.362098","-0.340525","-0.003405","0.002278"
"lol_worlds_2025","70","3","12","-1.335839","-0.445280","-0.004453","0.002256"
"lol_worlds_2025","71","3","12","-1.335839","-0.445280","-0.004453","0.002256"
"lol_worlds_2025","72","2","8","1.325","0.662500","0.006625","4.2E-05"
"lol_worlds_2025","73","2","8","1.325","0.662500","0.006625","4.2E-05"
"lol_worlds_2025","74","2","8","1.325","0.662500","0.006625","4.2E-05"
"lol_worlds_2025","75","2","8","1.325","0.662500","0.006625","4.2E-05"
"lol_worlds_2025","76","2","8","1.325","0.662500","0.006625","4.2E-05"
"lol_worlds_2025","77","2","8","1.325","0.662500","0.006625","4.2E-05"
"lol_worlds_2025","78","2","8","1.325","0.662500","0.006625","4.2E-05"
"lol_worlds_2025","79","2","8","1.325","0.662500","0.006625","4.2E-05"
"lol_worlds_2025","80","2","8","1.325","0.662500","0.006625","4.2E-05"
"lol_worlds_2025","81","1","4","-0.05","-0.050000","-0.000500","4.2E-05"
"lol_worlds_2025","82","1","4","-0.05","-0.050000","-0.000500","4.2E-05"
"lol_worlds_2025","83","1","4","-0.05","-0.050000","-0.000500","4.2E-05"
"lol_worlds_2025","84","1","4","-0.05","-0.050000","-0.000500","4.2E-05"
"lol_worlds_2025","85","1","4","-0.05","-0.050000","-0.000500","4.2E-05"
"lol_worlds_2025","86","1","4","-0.05","-0.050000","-0.000500","4.2E-05"
"lol_worlds_2025","87","0","0","0","","","0"
"lol_worlds_2025","88","0","0","0","","","0"
"lol_worlds_2025","89","0","0","0","","","0"
"lol_worlds_2025","90","0","0","0","","","0"
"lol_worlds_2025","91","0","0","0","","","0"
"lol_worlds_2025","92","0","0","0","","","0"
"lol_worlds_2025","93","0","0","0","","","0"
"lol_worlds_2025","94","0","0","0","","","0"
"lol_worlds_2025","95","0","0","0","","","0"
"lol_worlds_2025","96","0","0","0","","","0"
"lol_worlds_2025","97","0","0","0","","","0"
"lol_worlds_2025","98","0","0","0","","","0"
"lol_worlds_2025","99","0","0","0","","","0"
"lol_worlds_2025","100","0","0","0","","","0"
"mlb","0","18","72","-0.443102","-0.024617","-0.000246","0.005813"
"mlb","1","18","72","-0.443102","-0.024617","-0.000246","0.005813"
"mlb","2","18","72","-0.443102","-0.024617","-0.000246","0.005813"
"mlb","3","18","72","-0.443102","-0.024617","-0.000246","0.005813"
"mlb","4","18","72","-0.443102","-0.024617","-0.000246","0.005813"
"mlb","5","18","72","-0.443102","-0.024617","-0.000246","0.005813"
"mlb","6","18","72","-0.443102","-0.024617","-0.000246","0.005813"
"mlb","7","18","72","-0.443102","-0.024617","-0.000246","0.005813"
"mlb","8","18","72","-0.443102","-0.024617","-0.000246","0.005813"
"mlb","9","18","72","-0.443102","-0.024617","-0.000246","0.005813"
"mlb","10","18","72","-0.443102","-0.024617","-0.000246","0.005813"
"mlb","11","18","72","-0.443102","-0.024617","-0.000246","0.005813"
"mlb","12","18","72","-0.443102","-0.024617","-0.000246","0.005813"
"mlb","13","18","72","-0.443102","-0.024617","-0.000246","0.005813"
"mlb","14","18","72","-0.443102","-0.024617","-0.000246","0.005813"
"mlb","15","18","72","-0.443102","-0.024617","-0.000246","0.005813"
"mlb","16","18","72","-0.443102","-0.024617","-0.000246","0.005813"
"mlb","17","18","72","-0.443102","-0.024617","-0.000246","0.005813"
"mlb","18","18","72","-0.443102","-0.024617","-0.000246","0.005813"
"mlb","19","18","72","-0.443102","-0.024617","-0.000246","0.005813"
"mlb","20","18","72","-0.443102","-0.024617","-0.000246","0.005813"
"mlb","21","18","72","-0.443102","-0.024617","-0.000246","0.005813"
"mlb","22","18","72","-0.443102","-0.024617","-0.000246","0.005813"
"mlb","23","18","72","-0.443102","-0.024617","-0.000246","0.005813"
"mlb","24","18","72","-0.443102","-0.024617","-0.000246","0.005813"
"mlb","25","18","72","-0.443102","-0.024617","-0.000246","0.005813"
"mlb","26","18","72","-0.443102","-0.024617","-0.000246","0.005813"
"mlb","27","18","72","-0.443102","-0.024617","-0.000246","0.005813"
"mlb","28","17","68","-0.393102","-0.023124","-0.000231","0.005813"
"mlb","29","16","64","-0.343102","-0.021444","-0.000214","0.005785"
"mlb","30","16","64","-0.343102","-0.021444","-0.000214","0.005785"
"mlb","31","16","64","-0.343102","-0.021444","-0.000214","0.005785"
"mlb","32","16","64","-0.343102","-0.021444","-0.000214","0.005785"
"mlb","33","16","64","-0.343102","-0.021444","-0.000214","0.005785"
"mlb","34","16","64","-0.343102","-0.021444","-0.000214","0.005785"
"mlb","35","16","64","-0.343102","-0.021444","-0.000214","0.005785"
"mlb","36","16","64","-0.343102","-0.021444","-0.000214","0.005785"
"mlb","37","16","64","-0.343102","-0.021444","-0.000214","0.005785"
"mlb","38","15","60","-0.293102","-0.019540","-0.000195","0.005785"
"mlb","39","15","60","-0.293102","-0.019540","-0.000195","0.005785"
"mlb","40","15","60","-0.293102","-0.019540","-0.000195","0.005785"
"mlb","41","14","56","-0.243102","-0.017364","-0.000174","0.005785"
"mlb","42","13","52","-3.52744","-0.271342","-0.002713","0.005796"
"mlb","43","12","48","-3.47744","-0.289787","-0.002898","0.005795"
"mlb","44","12","48","-3.47744","-0.289787","-0.002898","0.005795"
"mlb","45","12","48","-3.47744","-0.289787","-0.002898","0.005795"
"mlb","46","10","40","-3.37744","-0.337744","-0.003377","0.005795"
"mlb","47","9","36","-3.32744","-0.369716","-0.003697","0.005795"
"mlb","48","9","36","-3.32744","-0.369716","-0.003697","0.005795"
"mlb","49","9","36","-3.32744","-0.369716","-0.003697","0.005795"
"mlb","50","9","36","-3.32744","-0.369716","-0.003697","0.005795"
"mlb","51","9","36","-3.32744","-0.369716","-0.003697","0.005795"
"mlb","52","9","36","-3.32744","-0.369716","-0.003697","0.005795"
"mlb","53","9","36","-3.32744","-0.369716","-0.003697","0.005795"
"mlb","54","8","32","-5.525103","-0.690638","-0.006906","0.005802"
"mlb","55","6","24","-6.904461","-1.150744","-0.011507","0.005806"
"mlb","56","6","24","-6.904461","-1.150744","-0.011507","0.005806"
"mlb","57","6","24","-6.904461","-1.150744","-0.011507","0.005806"
"mlb","58","6","24","-6.904461","-1.150744","-0.011507","0.005806"
"mlb","59","4","16","-5.285496","-1.321374","-0.013214","0.005801"
"mlb","60","3","12","-12.290117","-4.096706","-0.040967","0.00716"
"mlb","61","3","12","-12.290117","-4.096706","-0.040967","0.00716"
"mlb","62","3","12","-12.290117","-4.096706","-0.040967","0.00716"
"mlb","63","3","12","-12.290117","-4.096706","-0.040967","0.00716"
"mlb","64","2","8","-9.869482","-4.934741","-0.049347","0.005816"
"mlb","65","2","8","-9.869482","-4.934741","-0.049347","0.005816"
"mlb","66","2","8","-9.869482","-4.934741","-0.049347","0.005816"
"mlb","67","2","8","-9.869482","-4.934741","-0.049347","0.005816"
"mlb","68","2","8","-9.869482","-4.934741","-0.049347","0.005816"
"mlb","69","2","8","-9.869482","-4.934741","-0.049347","0.005816"
"mlb","70","2","8","-9.869482","-4.934741","-0.049347","0.005816"
"mlb","71","2","8","-9.869482","-4.934741","-0.049347","0.005816"
"mlb","72","2","8","-9.869482","-4.934741","-0.049347","0.005816"
"mlb","73","1","4","0.60274","0.602740","0.006027","0"
"mlb","74","0","0","0","","","0"
"mlb","75","0","0","0","","","0"
"mlb","76","0","0","0","","","0"
"mlb","77","0","0","0","","","0"
"mlb","78","0","0","0","","","0"
"mlb","79","0","0","0","","","0"
"mlb","80","0","0","0","","","0"
"mlb","81","0","0","0","","","0"
"mlb","82","0","0","0","","","0"
"mlb","83","0","0","0","","","0"
"mlb","84","0","0","0","","","0"
"mlb","85","0","0","0","","","0"
"mlb","86","0","0","0","","","0"
"mlb","87","0","0","0","","","0"
"mlb","88","0","0","0","","","0"
"mlb","89","0","0","0","","","0"
"mlb","90","0","0","0","","","0"
"mlb","91","0","0","0","","","0"
"mlb","92","0","0","0","","","0"
"mlb","93","0","0","0","","","0"
"mlb","94","0","0","0","","","0"
"mlb","95","0","0","0","","","0"
"mlb","96","0","0","0","","","0"
"mlb","97","0","0","0","","","0"
"mlb","98","0","0","0","","","0"
"mlb","99","0","0","0","","","0"
"mlb","100","0","0","0","","","0"
"nba","0","28","112","13.779258","0.492116","0.004921","0.00199"
"nba","1","28","112","13.779258","0.492116","0.004921","0.00199"
"nba","2","28","112","13.779258","0.492116","0.004921","0.00199"
"nba","3","27","108","13.829258","0.512195","0.005122","0.001972"
"nba","4","27","108","13.829258","0.512195","0.005122","0.001972"
"nba","5","27","108","13.829258","0.512195","0.005122","0.001972"
"nba","6","27","108","13.829258","0.512195","0.005122","0.001972"
"nba","7","25","100","14.771566","0.590863","0.005909","0.001972"
"nba","8","24","96","14.821566","0.617565","0.006176","0.001954"
"nba","9","24","96","14.821566","0.617565","0.006176","0.001954"
"nba","10","24","96","14.821566","0.617565","0.006176","0.001954"
"nba","11","24","96","14.821566","0.617565","0.006176","0.001954"
"nba","12","24","96","14.821566","0.617565","0.006176","0.001954"
"nba","13","24","96","14.821566","0.617565","0.006176","0.001954"
"nba","14","24","96","14.821566","0.617565","0.006176","0.001954"
"nba","15","24","96","14.821566","0.617565","0.006176","0.001954"
"nba","16","24","96","14.821566","0.617565","0.006176","0.001954"
"nba","17","23","92","14.871566","0.646590","0.006466","0.001954"
"nba","18","22","88","14.921566","0.678253","0.006783","0.001954"
"nba","19","22","88","14.921566","0.678253","0.006783","0.001954"
"nba","20","22","88","14.921566","0.678253","0.006783","0.001954"
"nba","21","22","88","14.921566","0.678253","0.006783","0.001954"
"nba","22","22","88","14.921566","0.678253","0.006783","0.001954"
"nba","23","22","88","14.921566","0.678253","0.006783","0.001954"
"nba","24","21","84","14.971566","0.712932","0.007129","0.001936"
"nba","25","20","80","11.93177","0.596589","0.005966","0.001954"
"nba","26","20","80","11.93177","0.596589","0.005966","0.001954"
"nba","27","20","80","11.93177","0.596589","0.005966","0.001954"
"nba","28","18","72","8.620659","0.478925","0.004789","0.00204"
"nba","29","18","72","8.620659","0.478925","0.004789","0.00204"
"nba","30","17","68","8.670659","0.510039","0.005100","0.00204"
"nba","31","16","64","0.561643","0.035103","0.000351","0.00204"
"nba","32","16","64","0.561643","0.035103","0.000351","0.00204"
"nba","33","16","64","0.561643","0.035103","0.000351","0.00204"
"nba","34","16","64","0.561643","0.035103","0.000351","0.00204"
"nba","35","16","64","0.561643","0.035103","0.000351","0.00204"
"nba","36","16","64","0.561643","0.035103","0.000351","0.00204"
"nba","37","16","64","0.561643","0.035103","0.000351","0.00204"
"nba","38","15","60","0.611643","0.040776","0.000408","0.00204"
"nba","39","15","60","0.611643","0.040776","0.000408","0.00204"
"nba","40","15","60","0.611643","0.040776","0.000408","0.00204"
"nba","41","15","60","0.611643","0.040776","0.000408","0.00204"
"nba","42","15","60","0.611643","0.040776","0.000408","0.00204"
"nba","43","15","60","0.611643","0.040776","0.000408","0.00204"
"nba","44","15","60","0.611643","0.040776","0.000408","0.00204"
"nba","45","15","60","0.611643","0.040776","0.000408","0.00204"
"nba","46","15","60","0.611643","0.040776","0.000408","0.00204"
"nba","47","14","56","-4.040508","-0.288608","-0.002886","0.00204"
"nba","48","14","56","-4.040508","-0.288608","-0.002886","0.00204"
"nba","49","14","56","-4.040508","-0.288608","-0.002886","0.00204"
"nba","50","14","56","-4.040508","-0.288608","-0.002886","0.00204"
"nba","51","14","56","-4.040508","-0.288608","-0.002886","0.00204"
"nba","52","14","56","-4.040508","-0.288608","-0.002886","0.00204"
"nba","53","14","56","-4.040508","-0.288608","-0.002886","0.00204"
"nba","54","13","52","-3.990508","-0.306962","-0.003070","0.00204"
"nba","55","13","52","-3.990508","-0.306962","-0.003070","0.00204"
"nba","56","13","52","-3.990508","-0.306962","-0.003070","0.00204"
"nba","57","13","52","-3.990508","-0.306962","-0.003070","0.00204"
"nba","58","13","52","-3.990508","-0.306962","-0.003070","0.00204"
"nba","59","13","52","-3.990508","-0.306962","-0.003070","0.00204"
"nba","60","13","52","-3.990508","-0.306962","-0.003070","0.00204"
"nba","61","13","52","-3.990508","-0.306962","-0.003070","0.00204"
"nba","62","13","52","-3.990508","-0.306962","-0.003070","0.00204"
"nba","63","12","48","-4.590508","-0.382542","-0.003825","0.00204"
"nba","64","12","48","-4.590508","-0.382542","-0.003825","0.00204"
"nba","65","12","48","-4.590508","-0.382542","-0.003825","0.00204"
"nba","66","12","48","-4.590508","-0.382542","-0.003825","0.00204"
"nba","67","12","48","-4.590508","-0.382542","-0.003825","0.00204"
"nba","68","12","48","-4.590508","-0.382542","-0.003825","0.00204"
"nba","69","12","48","-4.590508","-0.382542","-0.003825","0.00204"
"nba","70","12","48","-4.590508","-0.382542","-0.003825","0.00204"
"nba","71","10","40","0.066939","0.006694","0.000067","0.00204"
"nba","72","10","40","0.066939","0.006694","0.000067","0.00204"
"nba","73","9","36","-1.326165","-0.147352","-0.001474","0.00204"
"nba","74","8","32","-1.276165","-0.159521","-0.001595","0.002022"
"nba","75","8","32","-1.276165","-0.159521","-0.001595","0.002022"
"nba","76","7","28","-1.226165","-0.175166","-0.001752","0.002004"
"nba","77","7","28","-1.226165","-0.175166","-0.001752","0.002004"
"nba","78","6","24","-0.381359","-0.063560","-0.000636","0.001703"
"nba","79","6","24","-0.381359","-0.063560","-0.000636","0.001703"
"nba","80","6","24","-0.381359","-0.063560","-0.000636","0.001703"
"nba","81","6","24","-0.381359","-0.063560","-0.000636","0.001703"
"nba","82","6","24","-0.381359","-0.063560","-0.000636","0.001703"
"nba","83","5","20","-1.491965","-0.298393","-0.002984","0.001703"
"nba","84","4","16","-1.351546","-0.337887","-0.003379","0.001652"
"nba","85","4","16","-1.351546","-0.337887","-0.003379","0.001652"
"nba","86","4","16","-1.351546","-0.337887","-0.003379","0.001652"
"nba","87","4","16","-1.351546","-0.337887","-0.003379","0.001652"
"nba","88","4","16","-1.351546","-0.337887","-0.003379","0.001652"
"nba","89","4","16","-1.351546","-0.337887","-0.003379","0.001652"
"nba","90","4","16","-1.351546","-0.337887","-0.003379","0.001652"
"nba","91","4","16","-1.351546","-0.337887","-0.003379","0.001652"
"nba","92","4","16","-1.351546","-0.337887","-0.003379","0.001652"
"nba","93","4","16","-1.351546","-0.337887","-0.003379","0.001652"
"nba","94","1","4","-2.757055","-2.757055","-0.027571","0.000985"
"nba","95","1","4","-2.757055","-2.757055","-0.027571","0.000985"
"nba","96","1","4","-2.757055","-2.757055","-0.027571","0.000985"
"nba","97","1","4","-2.757055","-2.757055","-0.027571","0.000985"
"nba","98","0","0","0","","","0"
"nba","99","0","0","0","","","0"
"nba","100","0","0","0","","","0"
"nba_2025","0","28","112","-15.33083","-0.547530","-0.005475","0.00917"
"nba_2025","1","28","112","-15.33083","-0.547530","-0.005475","0.00917"
"nba_2025","2","28","112","-15.33083","-0.547530","-0.005475","0.00917"
"nba_2025","3","28","112","-15.33083","-0.547530","-0.005475","0.00917"
"nba_2025","4","27","108","-15.23083","-0.564105","-0.005641","0.00917"
"nba_2025","5","26","104","-15.18083","-0.583878","-0.005839","0.00917"
"nba_2025","6","25","100","-15.13083","-0.605233","-0.006052","0.00917"
"nba_2025","7","25","100","-15.13083","-0.605233","-0.006052","0.00917"
"nba_2025","8","25","100","-15.13083","-0.605233","-0.006052","0.00917"
"nba_2025","9","25","100","-15.13083","-0.605233","-0.006052","0.00917"
"nba_2025","10","25","100","-15.13083","-0.605233","-0.006052","0.00917"
"nba_2025","11","25","100","-15.13083","-0.605233","-0.006052","0.00917"
"nba_2025","12","25","100","-15.13083","-0.605233","-0.006052","0.00917"
"nba_2025","13","25","100","-15.13083","-0.605233","-0.006052","0.00917"
"nba_2025","14","24","96","-10.434533","-0.434772","-0.004348","0.007493"
"nba_2025","15","23","92","-10.384533","-0.451501","-0.004515","0.007475"
"nba_2025","16","23","92","-10.384533","-0.451501","-0.004515","0.007475"
"nba_2025","17","23","92","-10.384533","-0.451501","-0.004515","0.007475"
"nba_2025","18","23","92","-10.384533","-0.451501","-0.004515","0.007475"
"nba_2025","19","22","88","-6.51156","-0.295980","-0.002960","0.006092"
"nba_2025","20","22","88","-6.51156","-0.295980","-0.002960","0.006092"
"nba_2025","21","22","88","-6.51156","-0.295980","-0.002960","0.006092"
"nba_2025","22","21","84","-6.46156","-0.307693","-0.003077","0.006092"
"nba_2025","23","21","84","-6.46156","-0.307693","-0.003077","0.006092"
"nba_2025","24","21","84","-6.46156","-0.307693","-0.003077","0.006092"
"nba_2025","25","20","80","-6.41156","-0.320578","-0.003206","0.006092"
"nba_2025","26","20","80","-6.41156","-0.320578","-0.003206","0.006092"
"nba_2025","27","20","80","-6.41156","-0.320578","-0.003206","0.006092"
"nba_2025","28","20","80","-6.41156","-0.320578","-0.003206","0.006092"
"nba_2025","29","20","80","-6.41156","-0.320578","-0.003206","0.006092"
"nba_2025","30","20","80","-6.41156","-0.320578","-0.003206","0.006092"
"nba_2025","31","20","80","-6.41156","-0.320578","-0.003206","0.006092"
"nba_2025","32","20","80","-6.41156","-0.320578","-0.003206","0.006092"
"nba_2025","33","20","80","-6.41156","-0.320578","-0.003206","0.006092"
"nba_2025","34","20","80","-6.41156","-0.320578","-0.003206","0.006092"
"nba_2025","35","20","80","-6.41156","-0.320578","-0.003206","0.006092"
"nba_2025","36","18","72","-4.682687","-0.260149","-0.002601","0.006071"
"nba_2025","37","18","72","-4.682687","-0.260149","-0.002601","0.006071"
"nba_2025","38","18","72","-4.682687","-0.260149","-0.002601","0.006071"
"nba_2025","39","17","68","-4.632687","-0.272511","-0.002725","0.006071"
"nba_2025","40","17","68","-4.632687","-0.272511","-0.002725","0.006071"
"nba_2025","41","15","60","-14.164786","-0.944319","-0.009443","0.006071"
"nba_2025","42","15","60","-14.164786","-0.944319","-0.009443","0.006071"
"nba_2025","43","15","60","-14.164786","-0.944319","-0.009443","0.006071"
"nba_2025","44","15","60","-14.164786","-0.944319","-0.009443","0.006071"
"nba_2025","45","15","60","-14.164786","-0.944319","-0.009443","0.006071"
"nba_2025","46","15","60","-14.164786","-0.944319","-0.009443","0.006071"
"nba_2025","47","15","60","-14.164786","-0.944319","-0.009443","0.006071"
"nba_2025","48","14","56","-16.064786","-1.147485","-0.011475","0.006075"
"nba_2025","49","14","56","-16.064786","-1.147485","-0.011475","0.006075"
"nba_2025","50","14","56","-16.064786","-1.147485","-0.011475","0.006075"
"nba_2025","51","14","56","-16.064786","-1.147485","-0.011475","0.006075"
"nba_2025","52","14","56","-16.064786","-1.147485","-0.011475","0.006075"
"nba_2025","53","13","52","-16.014786","-1.231907","-0.012319","0.006075"
"nba_2025","54","13","52","-16.014786","-1.231907","-0.012319","0.006075"
"nba_2025","55","13","52","-16.014786","-1.231907","-0.012319","0.006075"
"nba_2025","56","13","52","-16.014786","-1.231907","-0.012319","0.006075"
"nba_2025","57","13","52","-16.014786","-1.231907","-0.012319","0.006075"
"nba_2025","58","13","52","-16.014786","-1.231907","-0.012319","0.006075"
"nba_2025","59","13","52","-16.014786","-1.231907","-0.012319","0.006075"
"nba_2025","60","11","44","-15.741256","-1.431023","-0.014310","0.006074"
"nba_2025","61","11","44","-15.741256","-1.431023","-0.014310","0.006074"
"nba_2025","62","10","40","-16.170525","-1.617052","-0.016171","0.006099"
"nba_2025","63","10","40","-16.170525","-1.617052","-0.016171","0.006099"
"nba_2025","64","10","40","-16.170525","-1.617052","-0.016171","0.006099"
"nba_2025","65","9","36","-16.120525","-1.791169","-0.017912","0.006081"
"nba_2025","66","8","32","-11.612832","-1.451604","-0.014516","0.004471"
"nba_2025","67","8","32","-11.612832","-1.451604","-0.014516","0.004471"
"nba_2025","68","8","32","-11.612832","-1.451604","-0.014516","0.004471"
"nba_2025","69","8","32","-11.612832","-1.451604","-0.014516","0.004471"
"nba_2025","70","8","32","-11.612832","-1.451604","-0.014516","0.004471"
"nba_2025","71","8","32","-11.612832","-1.451604","-0.014516","0.004471"
"nba_2025","72","8","32","-11.612832","-1.451604","-0.014516","0.004471"
"nba_2025","73","8","32","-11.612832","-1.451604","-0.014516","0.004471"
"nba_2025","74","8","32","-11.612832","-1.451604","-0.014516","0.004471"
"nba_2025","75","8","32","-11.612832","-1.451604","-0.014516","0.004471"
"nba_2025","76","7","28","-11.745283","-1.677898","-0.016779","0.004471"
"nba_2025","77","7","28","-11.745283","-1.677898","-0.016779","0.004471"
"nba_2025","78","7","28","-11.745283","-1.677898","-0.016779","0.004471"
"nba_2025","79","6","24","-11.934136","-1.989023","-0.019890","0.004539"
"nba_2025","80","6","24","-11.934136","-1.989023","-0.019890","0.004539"
"nba_2025","81","6","24","-11.934136","-1.989023","-0.019890","0.004539"
"nba_2025","82","5","20","-11.884136","-2.376827","-0.023768","0.004521"
"nba_2025","83","5","20","-11.884136","-2.376827","-0.023768","0.004521"
"nba_2025","84","5","20","-11.884136","-2.376827","-0.023768","0.004521"
"nba_2025","85","5","20","-11.884136","-2.376827","-0.023768","0.004521"
"nba_2025","86","5","20","-11.884136","-2.376827","-0.023768","0.004521"
"nba_2025","87","3","12","0.572841","0.190947","0.001909","0.000934"
"nba_2025","88","3","12","0.572841","0.190947","0.001909","0.000934"
"nba_2025","89","3","12","0.572841","0.190947","0.001909","0.000934"
"nba_2025","90","3","12","0.572841","0.190947","0.001909","0.000934"
"nba_2025","91","3","12","0.572841","0.190947","0.001909","0.000934"
"nba_2025","92","3","12","0.572841","0.190947","0.001909","0.000934"
"nba_2025","93","3","12","0.572841","0.190947","0.001909","0.000934"
"nba_2025","94","3","12","0.572841","0.190947","0.001909","0.000934"
"nba_2025","95","2","8","3.189928","1.594964","0.015950","0"
"nba_2025","96","1","4","2.412326","2.412326","0.024123","0"
"nba_2025","97","0","0","0","","","0"
"nba_2025","98","0","0","0","","","0"
"nba_2025","99","0","0","0","","","0"
"nba_2025","100","0","0","0","","","0"
"nfl","0","24","96","18.041081","0.751712","0.007517","0.002972"
"nfl","1","24","96","18.041081","0.751712","0.007517","0.002972"
"nfl","2","24","96","18.041081","0.751712","0.007517","0.002972"
"nfl","3","24","96","18.041081","0.751712","0.007517","0.002972"
"nfl","4","24","96","18.041081","0.751712","0.007517","0.002972"
"nfl","5","24","96","18.041081","0.751712","0.007517","0.002972"
"nfl","6","24","96","18.041081","0.751712","0.007517","0.002972"
"nfl","7","24","96","18.041081","0.751712","0.007517","0.002972"
"nfl","8","24","96","18.041081","0.751712","0.007517","0.002972"
"nfl","9","24","96","18.041081","0.751712","0.007517","0.002972"
"nfl","10","24","96","18.041081","0.751712","0.007517","0.002972"
"nfl","11","24","96","18.041081","0.751712","0.007517","0.002972"
"nfl","12","24","96","18.041081","0.751712","0.007517","0.002972"
"nfl","13","24","96","18.041081","0.751712","0.007517","0.002972"
"nfl","14","24","96","18.041081","0.751712","0.007517","0.002972"
"nfl","15","24","96","18.041081","0.751712","0.007517","0.002972"
"nfl","16","24","96","18.041081","0.751712","0.007517","0.002972"
"nfl","17","24","96","18.041081","0.751712","0.007517","0.002972"
"nfl","18","24","96","18.041081","0.751712","0.007517","0.002972"
"nfl","19","23","92","18.091081","0.786569","0.007866","0.002972"
"nfl","20","23","92","18.091081","0.786569","0.007866","0.002972"
"nfl","21","23","92","18.091081","0.786569","0.007866","0.002972"
"nfl","22","23","92","18.091081","0.786569","0.007866","0.002972"
"nfl","23","23","92","18.091081","0.786569","0.007866","0.002972"
"nfl","24","23","92","18.091081","0.786569","0.007866","0.002972"
"nfl","25","23","92","18.091081","0.786569","0.007866","0.002972"
"nfl","26","23","92","18.091081","0.786569","0.007866","0.002972"
"nfl","27","23","92","18.091081","0.786569","0.007866","0.002972"
"nfl","28","22","88","18.141081","0.824595","0.008246","0.002952"
"nfl","29","22","88","18.141081","0.824595","0.008246","0.002952"
"nfl","30","22","88","18.141081","0.824595","0.008246","0.002952"
"nfl","31","22","88","18.141081","0.824595","0.008246","0.002952"
"nfl","32","21","84","13.723621","0.653506","0.006535","0.002957"
"nfl","33","21","84","13.723621","0.653506","0.006535","0.002957"
"nfl","34","21","84","13.723621","0.653506","0.006535","0.002957"
"nfl","35","19","76","13.823621","0.727559","0.007276","0.002957"
"nfl","36","18","72","13.873621","0.770757","0.007708","0.002957"
"nfl","37","17","68","13.923621","0.819037","0.008190","0.002936"
"nfl","38","17","68","13.923621","0.819037","0.008190","0.002936"
"nfl","39","17","68","13.923621","0.819037","0.008190","0.002936"
"nfl","40","17","68","13.923621","0.819037","0.008190","0.002936"
"nfl","41","16","64","13.973621","0.873351","0.008734","0.002936"
"nfl","42","16","64","13.973621","0.873351","0.008734","0.002936"
"nfl","43","16","64","13.973621","0.873351","0.008734","0.002936"
"nfl","44","16","64","13.973621","0.873351","0.008734","0.002936"
"nfl","45","15","60","14.023621","0.934908","0.009349","0.002936"
"nfl","46","13","52","9.178016","0.706001","0.007060","0.002942"
"nfl","47","12","48","9.228016","0.769001","0.007690","0.002942"
"nfl","48","12","48","9.228016","0.769001","0.007690","0.002942"
"nfl","49","12","48","9.228016","0.769001","0.007690","0.002942"
"nfl","50","12","48","9.228016","0.769001","0.007690","0.002942"
"nfl","51","12","48","9.228016","0.769001","0.007690","0.002942"
"nfl","52","12","48","9.228016","0.769001","0.007690","0.002942"
"nfl","53","12","48","9.228016","0.769001","0.007690","0.002942"
"nfl","54","11","44","-2.161236","-0.196476","-0.001965","0.002956"
"nfl","55","9","36","-2.061236","-0.229026","-0.002290","0.002956"
"nfl","56","8","32","-0.006731","-0.000841","-0.000008","0.002956"
"nfl","57","8","32","-0.006731","-0.000841","-0.000008","0.002956"
"nfl","58","8","32","-0.006731","-0.000841","-0.000008","0.002956"
"nfl","59","8","32","-0.006731","-0.000841","-0.000008","0.002956"
"nfl","60","7","28","-1.944967","-0.277852","-0.002779","0.003239"
"nfl","61","7","28","-1.944967","-0.277852","-0.002779","0.003239"
"nfl","62","7","28","-1.944967","-0.277852","-0.002779","0.003239"
"nfl","63","7","28","-1.944967","-0.277852","-0.002779","0.003239"
"nfl","64","6","24","-0.93788","-0.156313","-0.001563","0.00282"
"nfl","65","5","20","-0.311136","-0.062227","-0.000622","0.002559"
"nfl","66","3","12","-3.73938","-1.246460","-0.012465","0.002559"
"nfl","67","3","12","-3.73938","-1.246460","-0.012465","0.002559"
"nfl","68","3","12","-3.73938","-1.246460","-0.012465","0.002559"
"nfl","69","2","8","-3.68938","-1.844690","-0.018447","0.002538"
"nfl","70","2","8","-3.68938","-1.844690","-0.018447","0.002538"
"nfl","71","2","8","-3.68938","-1.844690","-0.018447","0.002538"
"nfl","72","2","8","-3.68938","-1.844690","-0.018447","0.002538"
"nfl","73","1","4","2.408896","2.408896","0.024089","0"
"nfl","74","1","4","2.408896","2.408896","0.024089","0"
"nfl","75","1","4","2.408896","2.408896","0.024089","0"
"nfl","76","1","4","2.408896","2.408896","0.024089","0"
"nfl","77","1","4","2.408896","2.408896","0.024089","0"
"nfl","78","1","4","2.408896","2.408896","0.024089","0"
"nfl","79","1","4","2.408896","2.408896","0.024089","0"
"nfl","80","1","4","2.408896","2.408896","0.024089","0"
"nfl","81","1","4","2.408896","2.408896","0.024089","0"
"nfl","82","0","0","0","","","0"
"nfl","83","0","0","0","","","0"
"nfl","84","0","0","0","","","0"
"nfl","85","0","0","0","","","0"
"nfl","86","0","0","0","","","0"
"nfl","87","0","0","0","","","0"
"nfl","88","0","0","0","","","0"
"nfl","89","0","0","0","","","0"
"nfl","90","0","0","0","","","0"
"nfl","91","0","0","0","","","0"
"nfl","92","0","0","0","","","0"
"nfl","93","0","0","0","","","0"
"nfl","94","0","0","0","","","0"
"nfl","95","0","0","0","","","0"
"nfl","96","0","0","0","","","0"
"nfl","97","0","0","0","","","0"
"nfl","98","0","0","0","","","0"
"nfl","99","0","0","0","","","0"
"nfl","100","0","0","0","","","0"
"nhl","0","28","112","15.59188","0.556853","0.005569","0.001311"
"nhl","1","28","112","15.59188","0.556853","0.005569","0.001311"
"nhl","2","28","112","15.59188","0.556853","0.005569","0.001311"
"nhl","3","28","112","15.59188","0.556853","0.005569","0.001311"
"nhl","4","28","112","15.59188","0.556853","0.005569","0.001311"
"nhl","5","28","112","15.59188","0.556853","0.005569","0.001311"
"nhl","6","28","112","15.59188","0.556853","0.005569","0.001311"
"nhl","7","28","112","15.59188","0.556853","0.005569","0.001311"
"nhl","8","28","112","15.59188","0.556853","0.005569","0.001311"
"nhl","9","28","112","15.59188","0.556853","0.005569","0.001311"
"nhl","10","28","112","15.59188","0.556853","0.005569","0.001311"
"nhl","11","28","112","15.59188","0.556853","0.005569","0.001311"
"nhl","12","28","112","15.59188","0.556853","0.005569","0.001311"
"nhl","13","28","112","15.59188","0.556853","0.005569","0.001311"
"nhl","14","28","112","15.59188","0.556853","0.005569","0.001311"
"nhl","15","28","112","15.59188","0.556853","0.005569","0.001311"
"nhl","16","28","112","15.59188","0.556853","0.005569","0.001311"
"nhl","17","28","112","15.59188","0.556853","0.005569","0.001311"
"nhl","18","28","112","15.59188","0.556853","0.005569","0.001311"
"nhl","19","27","108","15.64188","0.579329","0.005793","0.001311"
"nhl","20","27","108","15.64188","0.579329","0.005793","0.001311"
"nhl","21","27","108","15.64188","0.579329","0.005793","0.001311"
"nhl","22","27","108","15.64188","0.579329","0.005793","0.001311"
"nhl","23","26","104","15.69188","0.603534","0.006035","0.001311"
"nhl","24","25","100","17.551455","0.702058","0.007021","0.00131"
"nhl","25","25","100","17.551455","0.702058","0.007021","0.00131"
"nhl","26","25","100","17.551455","0.702058","0.007021","0.00131"
"nhl","27","24","96","18.516549","0.771523","0.007715","0.00131"
"nhl","28","24","96","18.516549","0.771523","0.007715","0.00131"
"nhl","29","24","96","18.516549","0.771523","0.007715","0.00131"
"nhl","30","23","92","18.566549","0.807241","0.008072","0.001292"
"nhl","31","22","88","19.690941","0.895043","0.008950","0.001099"
"nhl","32","22","88","19.690941","0.895043","0.008950","0.001099"
"nhl","33","22","88","19.690941","0.895043","0.008950","0.001099"
"nhl","34","20","80","16.421244","0.821062","0.008211","0.001185"
"nhl","35","19","76","16.471244","0.866908","0.008669","0.001185"
"nhl","36","19","76","16.471244","0.866908","0.008669","0.001185"
"nhl","37","19","76","16.471244","0.866908","0.008669","0.001185"
"nhl","38","18","72","16.521244","0.917847","0.009178","0.001185"
"nhl","39","17","68","16.571244","0.974779","0.009748","0.001167"
"nhl","40","17","68","16.571244","0.974779","0.009748","0.001167"
"nhl","41","16","64","16.621244","1.038828","0.010388","0.001167"
"nhl","42","16","64","16.621244","1.038828","0.010388","0.001167"
"nhl","43","16","64","16.621244","1.038828","0.010388","0.001167"
"nhl","44","16","64","16.621244","1.038828","0.010388","0.001167"
"nhl","45","16","64","16.621244","1.038828","0.010388","0.001167"
"nhl","46","15","60","10.254578","0.683639","0.006836","0.001167"
"nhl","47","15","60","10.254578","0.683639","0.006836","0.001167"
"nhl","48","15","60","10.254578","0.683639","0.006836","0.001167"
"nhl","49","14","56","8.210763","0.586483","0.005865","0.001168"
"nhl","50","14","56","8.210763","0.586483","0.005865","0.001168"
"nhl","51","14","56","8.210763","0.586483","0.005865","0.001168"
"nhl","52","13","52","8.260763","0.635443","0.006354","0.001168"
"nhl","53","13","52","8.260763","0.635443","0.006354","0.001168"
"nhl","54","13","52","8.260763","0.635443","0.006354","0.001168"
"nhl","55","13","52","8.260763","0.635443","0.006354","0.001168"
"nhl","56","12","48","8.310763","0.692564","0.006926","0.001168"
"nhl","57","12","48","8.310763","0.692564","0.006926","0.001168"
"nhl","58","12","48","8.310763","0.692564","0.006926","0.001168"
"nhl","59","12","48","8.310763","0.692564","0.006926","0.001168"
"nhl","60","11","44","7.121688","0.647426","0.006474","0.001168"
"nhl","61","11","44","7.121688","0.647426","0.006474","0.001168"
"nhl","62","11","44","7.121688","0.647426","0.006474","0.001168"
"nhl","63","9","36","5.727171","0.636352","0.006364","0.001156"
"nhl","64","9","36","5.727171","0.636352","0.006364","0.001156"
"nhl","65","9","36","5.727171","0.636352","0.006364","0.001156"
"nhl","66","9","36","5.727171","0.636352","0.006364","0.001156"
"nhl","67","7","28","-3.196741","-0.456677","-0.004567","0.002056"
"nhl","68","5","20","-3.096741","-0.619348","-0.006193","0.00202"
"nhl","69","5","20","-3.096741","-0.619348","-0.006193","0.00202"
"nhl","70","5","20","-3.096741","-0.619348","-0.006193","0.00202"
"nhl","71","4","16","-0.625109","-0.156277","-0.001563","0.001138"
"nhl","72","4","16","-0.625109","-0.156277","-0.001563","0.001138"
"nhl","73","4","16","-0.625109","-0.156277","-0.001563","0.001138"
"nhl","74","3","12","-0.575109","-0.191703","-0.001917","0.00112"
"nhl","75","3","12","-0.575109","-0.191703","-0.001917","0.00112"
"nhl","76","3","12","-0.575109","-0.191703","-0.001917","0.00112"
"nhl","77","2","8","-0.525109","-0.262555","-0.002626","0.001102"
"nhl","78","2","8","-0.525109","-0.262555","-0.002626","0.001102"
"nhl","79","1","4","2.564634","2.564634","0.025646","0"
"nhl","80","1","4","2.564634","2.564634","0.025646","0"
"nhl","81","1","4","2.564634","2.564634","0.025646","0"
"nhl","82","1","4","2.564634","2.564634","0.025646","0"
"nhl","83","0","0","0","","","0"
"nhl","84","0","0","0","","","0"
"nhl","85","0","0","0","","","0"
"nhl","86","0","0","0","","","0"
"nhl","87","0","0","0","","","0"
"nhl","88","0","0","0","","","0"
"nhl","89","0","0","0","","","0"
"nhl","90","0","0","0","","","0"
"nhl","91","0","0","0","","","0"
"nhl","92","0","0","0","","","0"
"nhl","93","0","0","0","","","0"
"nhl","94","0","0","0","","","0"
"nhl","95","0","0","0","","","0"
"nhl","96","0","0","0","","","0"
"nhl","97","0","0","0","","","0"
"nhl","98","0","0","0","","","0"
"nhl","99","0","0","0","","","0"
"nhl","100","0","0","0","","","0"
"nhl_2025","0","28","112","25.732091","0.919003","0.009190","0.002589"
"nhl_2025","1","28","112","25.732091","0.919003","0.009190","0.002589"
"nhl_2025","2","28","112","25.732091","0.919003","0.009190","0.002589"
"nhl_2025","3","28","112","25.732091","0.919003","0.009190","0.002589"
"nhl_2025","4","28","112","25.732091","0.919003","0.009190","0.002589"
"nhl_2025","5","28","112","25.732091","0.919003","0.009190","0.002589"
"nhl_2025","6","28","112","25.732091","0.919003","0.009190","0.002589"
"nhl_2025","7","28","112","25.732091","0.919003","0.009190","0.002589"
"nhl_2025","8","28","112","25.732091","0.919003","0.009190","0.002589"
"nhl_2025","9","28","112","25.732091","0.919003","0.009190","0.002589"
"nhl_2025","10","28","112","25.732091","0.919003","0.009190","0.002589"
"nhl_2025","11","28","112","25.732091","0.919003","0.009190","0.002589"
"nhl_2025","12","28","112","25.732091","0.919003","0.009190","0.002589"
"nhl_2025","13","28","112","25.732091","0.919003","0.009190","0.002589"
"nhl_2025","14","28","112","25.732091","0.919003","0.009190","0.002589"
"nhl_2025","15","28","112","25.732091","0.919003","0.009190","0.002589"
"nhl_2025","16","28","112","25.732091","0.919003","0.009190","0.002589"
"nhl_2025","17","27","108","25.782091","0.954892","0.009549","0.002589"
"nhl_2025","18","26","104","25.832091","0.993542","0.009935","0.002589"
"nhl_2025","19","24","96","25.932091","1.080504","0.010805","0.002571"
"nhl_2025","20","24","96","25.932091","1.080504","0.010805","0.002571"
"nhl_2025","21","24","96","25.932091","1.080504","0.010805","0.002571"
"nhl_2025","22","24","96","25.932091","1.080504","0.010805","0.002571"
"nhl_2025","23","24","96","25.932091","1.080504","0.010805","0.002571"
"nhl_2025","24","24","96","25.932091","1.080504","0.010805","0.002571"
"nhl_2025","25","24","96","25.932091","1.080504","0.010805","0.002571"
"nhl_2025","26","23","92","25.982091","1.129656","0.011297","0.002571"
"nhl_2025","27","23","92","25.982091","1.129656","0.011297","0.002571"
"nhl_2025","28","23","92","25.982091","1.129656","0.011297","0.002571"
"nhl_2025","29","22","88","26.032091","1.183277","0.011833","0.002571"
"nhl_2025","30","22","88","26.032091","1.183277","0.011833","0.002571"
"nhl_2025","31","21","84","11.523894","0.548757","0.005488","0.002584"
"nhl_2025","32","21","84","11.523894","0.548757","0.005488","0.002584"
"nhl_2025","33","21","84","11.523894","0.548757","0.005488","0.002584"
"nhl_2025","34","21","84","11.523894","0.548757","0.005488","0.002584"
"nhl_2025","35","21","84","11.523894","0.548757","0.005488","0.002584"
"nhl_2025","36","21","84","11.523894","0.548757","0.005488","0.002584"
"nhl_2025","37","19","76","6.068338","0.319386","0.003194","0.002895"
"nhl_2025","38","19","76","6.068338","0.319386","0.003194","0.002895"
"nhl_2025","39","19","76","6.068338","0.319386","0.003194","0.002895"
"nhl_2025","40","18","72","6.118338","0.339908","0.003399","0.002895"
"nhl_2025","41","18","72","6.118338","0.339908","0.003399","0.002895"
"nhl_2025","42","17","68","6.168338","0.362843","0.003628","0.002895"
"nhl_2025","43","17","68","6.168338","0.362843","0.003628","0.002895"
"nhl_2025","44","17","68","6.168338","0.362843","0.003628","0.002895"
"nhl_2025","45","17","68","6.168338","0.362843","0.003628","0.002895"
"nhl_2025","46","17","68","6.168338","0.362843","0.003628","0.002895"
"nhl_2025","47","17","68","6.168338","0.362843","0.003628","0.002895"
"nhl_2025","48","16","64","6.218338","0.388646","0.003886","0.002895"
"nhl_2025","49","15","60","6.268338","0.417889","0.004179","0.002877"
"nhl_2025","50","14","56","6.318338","0.451310","0.004513","0.00286"
"nhl_2025","51","13","52","6.996556","0.538197","0.005382","0.002617"
"nhl_2025","52","12","48","9.377624","0.781469","0.007815","0.001767"
"nhl_2025","53","10","40","3.508394","0.350839","0.003508","0.001767"
"nhl_2025","54","10","40","3.508394","0.350839","0.003508","0.001767"
"nhl_2025","55","10","40","3.508394","0.350839","0.003508","0.001767"
"nhl_2025","56","10","40","3.508394","0.350839","0.003508","0.001767"
"nhl_2025","57","10","40","3.508394","0.350839","0.003508","0.001767"
"nhl_2025","58","10","40","3.508394","0.350839","0.003508","0.001767"
"nhl_2025","59","10","40","3.508394","0.350839","0.003508","0.001767"
"nhl_2025","60","10","40","3.508394","0.350839","0.003508","0.001767"
"nhl_2025","61","9","36","1.62327","0.180363","0.001804","0.001767"
"nhl_2025","62","9","36","1.62327","0.180363","0.001804","0.001767"
"nhl_2025","63","9","36","1.62327","0.180363","0.001804","0.001767"
"nhl_2025","64","8","32","-4.947597","-0.618450","-0.006184","0.001767"
"nhl_2025","65","7","28","-4.897597","-0.699657","-0.006997","0.001749"
"nhl_2025","66","7","28","-4.897597","-0.699657","-0.006997","0.001749"
"nhl_2025","67","7","28","-4.897597","-0.699657","-0.006997","0.001749"
"nhl_2025","68","7","28","-4.897597","-0.699657","-0.006997","0.001749"
"nhl_2025","69","7","28","-4.897597","-0.699657","-0.006997","0.001749"
"nhl_2025","70","6","24","-4.847597","-0.807933","-0.008079","0.001731"
"nhl_2025","71","6","24","-4.847597","-0.807933","-0.008079","0.001731"
"nhl_2025","72","6","24","-4.847597","-0.807933","-0.008079","0.001731"
"nhl_2025","73","5","20","-5.147597","-1.029519","-0.010295","0.001838"
"nhl_2025","74","5","20","-5.147597","-1.029519","-0.010295","0.001838"
"nhl_2025","75","4","16","-1.899274","-0.474819","-0.004748","0.001719"
"nhl_2025","76","4","16","-1.899274","-0.474819","-0.004748","0.001719"
"nhl_2025","77","4","16","-1.899274","-0.474819","-0.004748","0.001719"
"nhl_2025","78","4","16","-1.899274","-0.474819","-0.004748","0.001719"
"nhl_2025","79","4","16","-1.899274","-0.474819","-0.004748","0.001719"
"nhl_2025","80","4","16","-1.899274","-0.474819","-0.004748","0.001719"
"nhl_2025","81","4","16","-1.899274","-0.474819","-0.004748","0.001719"
"nhl_2025","82","4","16","-1.899274","-0.474819","-0.004748","0.001719"
"nhl_2025","83","2","8","4.771457","2.385729","0.023857","0"
"nhl_2025","84","1","4","0.119048","0.119048","0.001190","0"
"nhl_2025","85","0","0","0","","","0"
"nhl_2025","86","0","0","0","","","0"
"nhl_2025","87","0","0","0","","","0"
"nhl_2025","88","0","0","0","","","0"
"nhl_2025","89","0","0","0","","","0"
"nhl_2025","90","0","0","0","","","0"
"nhl_2025","91","0","0","0","","","0"
"nhl_2025","92","0","0","0","","","0"
"nhl_2025","93","0","0","0","","","0"
"nhl_2025","94","0","0","0","","","0"
"nhl_2025","95","0","0","0","","","0"
"nhl_2025","96","0","0","0","","","0"
"nhl_2025","97","0","0","0","","","0"
"nhl_2025","98","0","0","0","","","0"
"nhl_2025","99","0","0","0","","","0"
"nhl_2025","100","0","0","0","","","0"
"ucl_2026","0","26","104","20.250871","0.778880","0.007789","0.002045"
"ucl_2026","1","26","104","20.250871","0.778880","0.007789","0.002045"
"ucl_2026","2","26","104","20.250871","0.778880","0.007789","0.002045"
"ucl_2026","3","26","104","20.250871","0.778880","0.007789","0.002045"
"ucl_2026","4","26","104","20.250871","0.778880","0.007789","0.002045"
"ucl_2026","5","26","104","20.250871","0.778880","0.007789","0.002045"
"ucl_2026","6","26","104","20.250871","0.778880","0.007789","0.002045"
"ucl_2026","7","26","104","20.250871","0.778880","0.007789","0.002045"
"ucl_2026","8","26","104","20.250871","0.778880","0.007789","0.002045"
"ucl_2026","9","26","104","20.250871","0.778880","0.007789","0.002045"
"ucl_2026","10","26","104","20.250871","0.778880","0.007789","0.002045"
"ucl_2026","11","26","104","20.250871","0.778880","0.007789","0.002045"
"ucl_2026","12","26","104","20.250871","0.778880","0.007789","0.002045"
"ucl_2026","13","24","96","20.350871","0.847953","0.008480","0.002026"
"ucl_2026","14","24","96","20.350871","0.847953","0.008480","0.002026"
"ucl_2026","15","24","96","20.350871","0.847953","0.008480","0.002026"
"ucl_2026","16","23","92","20.400871","0.886994","0.008870","0.002026"
"ucl_2026","17","23","92","20.400871","0.886994","0.008870","0.002026"
"ucl_2026","18","23","92","20.400871","0.886994","0.008870","0.002026"
"ucl_2026","19","23","92","20.400871","0.886994","0.008870","0.002026"
"ucl_2026","20","23","92","20.400871","0.886994","0.008870","0.002026"
"ucl_2026","21","23","92","20.400871","0.886994","0.008870","0.002026"
"ucl_2026","22","23","92","20.400871","0.886994","0.008870","0.002026"
"ucl_2026","23","23","92","20.400871","0.886994","0.008870","0.002026"
"ucl_2026","24","23","92","20.400871","0.886994","0.008870","0.002026"
"ucl_2026","25","23","92","20.400871","0.886994","0.008870","0.002026"
"ucl_2026","26","23","92","20.400871","0.886994","0.008870","0.002026"
"ucl_2026","27","21","84","9.152177","0.435818","0.004358","0.002488"
"ucl_2026","28","21","84","9.152177","0.435818","0.004358","0.002488"
"ucl_2026","29","21","84","9.152177","0.435818","0.004358","0.002488"
"ucl_2026","30","21","84","9.152177","0.435818","0.004358","0.002488"
"ucl_2026","31","20","80","9.202177","0.460109","0.004601","0.002488"
"ucl_2026","32","20","80","9.202177","0.460109","0.004601","0.002488"
"ucl_2026","33","20","80","9.202177","0.460109","0.004601","0.002488"
"ucl_2026","34","17","68","9.352177","0.550128","0.005501","0.002469"
"ucl_2026","35","17","68","9.352177","0.550128","0.005501","0.002469"
"ucl_2026","36","17","68","9.352177","0.550128","0.005501","0.002469"
"ucl_2026","37","15","60","9.452177","0.630145","0.006301","0.00245"
"ucl_2026","38","15","60","9.452177","0.630145","0.006301","0.00245"
"ucl_2026","39","15","60","9.452177","0.630145","0.006301","0.00245"
"ucl_2026","40","15","60","9.452177","0.630145","0.006301","0.00245"
"ucl_2026","41","15","60","9.452177","0.630145","0.006301","0.00245"
"ucl_2026","42","15","60","9.452177","0.630145","0.006301","0.00245"
"ucl_2026","43","14","56","4.599236","0.328517","0.003285","0.00245"
"ucl_2026","44","14","56","4.599236","0.328517","0.003285","0.00245"
"ucl_2026","45","14","56","4.599236","0.328517","0.003285","0.00245"
"ucl_2026","46","13","52","4.649236","0.357634","0.003576","0.00245"
"ucl_2026","47","13","52","4.649236","0.357634","0.003576","0.00245"
"ucl_2026","48","13","52","4.649236","0.357634","0.003576","0.00245"
"ucl_2026","49","13","52","4.649236","0.357634","0.003576","0.00245"
"ucl_2026","50","13","52","4.649236","0.357634","0.003576","0.00245"
"ucl_2026","51","13","52","4.649236","0.357634","0.003576","0.00245"
"ucl_2026","52","13","52","4.649236","0.357634","0.003576","0.00245"
"ucl_2026","53","13","52","4.649236","0.357634","0.003576","0.00245"
"ucl_2026","54","13","52","4.649236","0.357634","0.003576","0.00245"
"ucl_2026","55","13","52","4.649236","0.357634","0.003576","0.00245"
"ucl_2026","56","12","48","4.635723","0.386310","0.003863","0.00245"
"ucl_2026","57","12","48","4.635723","0.386310","0.003863","0.00245"
"ucl_2026","58","12","48","4.635723","0.386310","0.003863","0.00245"
"ucl_2026","59","11","44","4.685723","0.425975","0.004260","0.00245"
"ucl_2026","60","11","44","4.685723","0.425975","0.004260","0.00245"
"ucl_2026","61","11","44","4.685723","0.425975","0.004260","0.00245"
"ucl_2026","62","11","44","4.685723","0.425975","0.004260","0.00245"
"ucl_2026","63","11","44","4.685723","0.425975","0.004260","0.00245"
"ucl_2026","64","9","36","5.71525","0.635028","0.006350","0.002032"
"ucl_2026","65","9","36","5.71525","0.635028","0.006350","0.002032"
"ucl_2026","66","9","36","5.71525","0.635028","0.006350","0.002032"
"ucl_2026","67","7","28","3.023521","0.431932","0.004319","0.002032"
"ucl_2026","68","7","28","3.023521","0.431932","0.004319","0.002032"
"ucl_2026","69","7","28","3.023521","0.431932","0.004319","0.002032"
"ucl_2026","70","7","28","3.023521","0.431932","0.004319","0.002032"
"ucl_2026","71","6","24","3.384514","0.564086","0.005641","0.001893"
"ucl_2026","72","6","24","3.384514","0.564086","0.005641","0.001893"
"ucl_2026","73","4","16","-0.375831","-0.093958","-0.000940","0.001896"
"ucl_2026","74","4","16","-0.375831","-0.093958","-0.000940","0.001896"
"ucl_2026","75","3","12","-0.325831","-0.108610","-0.001086","0.001877"
"ucl_2026","76","3","12","-0.325831","-0.108610","-0.001086","0.001877"
"ucl_2026","77","3","12","-0.325831","-0.108610","-0.001086","0.001877"
"ucl_2026","78","3","12","-0.325831","-0.108610","-0.001086","0.001877"
"ucl_2026","79","3","12","-0.325831","-0.108610","-0.001086","0.001877"
"ucl_2026","80","3","12","-0.325831","-0.108610","-0.001086","0.001877"
"ucl_2026","81","3","12","-0.325831","-0.108610","-0.001086","0.001877"
"ucl_2026","82","3","12","-0.325831","-0.108610","-0.001086","0.001877"
"ucl_2026","83","3","12","-0.325831","-0.108610","-0.001086","0.001877"
"ucl_2026","84","3","12","-0.325831","-0.108610","-0.001086","0.001877"
"ucl_2026","85","2","8","-1.182974","-0.591487","-0.005915","0.001877"
"ucl_2026","86","2","8","-1.182974","-0.591487","-0.005915","0.001877"
"ucl_2026","87","2","8","-1.182974","-0.591487","-0.005915","0.001877"
"ucl_2026","88","2","8","-1.182974","-0.591487","-0.005915","0.001877"
"ucl_2026","89","0","0","0","","","0"
"ucl_2026","90","0","0","0","","","0"
"ucl_2026","91","0","0","0","","","0"
"ucl_2026","92","0","0","0","","","0"
"ucl_2026","93","0","0","0","","","0"
"ucl_2026","94","0","0","0","","","0"
"ucl_2026","95","0","0","0","","","0"
"ucl_2026","96","0","0","0","","","0"
"ucl_2026","97","0","0","0","","","0"
"ucl_2026","98","0","0","0","","","0"
"ucl_2026","99","0","0","0","","","0"
"ucl_2026","100","0","0","0","","","0"
"wimbledon_2026","0","42","168","10.419928","0.248094","0.002481","0.00097"
"wimbledon_2026","1","42","168","10.419928","0.248094","0.002481","0.00097"
"wimbledon_2026","2","42","168","10.419928","0.248094","0.002481","0.00097"
"wimbledon_2026","3","42","168","10.419928","0.248094","0.002481","0.00097"
"wimbledon_2026","4","41","164","10.469928","0.255364","0.002554","0.00097"
"wimbledon_2026","5","41","164","10.469928","0.255364","0.002554","0.00097"
"wimbledon_2026","6","41","164","10.469928","0.255364","0.002554","0.00097"
"wimbledon_2026","7","41","164","10.469928","0.255364","0.002554","0.00097"
"wimbledon_2026","8","41","164","10.469928","0.255364","0.002554","0.00097"
"wimbledon_2026","9","41","164","10.469928","0.255364","0.002554","0.00097"
"wimbledon_2026","10","41","164","10.469928","0.255364","0.002554","0.00097"
"wimbledon_2026","11","41","164","10.469928","0.255364","0.002554","0.00097"
"wimbledon_2026","12","40","160","10.519928","0.262998","0.002630","0.00097"
"wimbledon_2026","13","40","160","10.519928","0.262998","0.002630","0.00097"
"wimbledon_2026","14","39","156","10.569928","0.271024","0.002710","0.000958"
"wimbledon_2026","15","39","156","10.569928","0.271024","0.002710","0.000958"
"wimbledon_2026","16","39","156","10.569928","0.271024","0.002710","0.000958"
"wimbledon_2026","17","39","156","10.569928","0.271024","0.002710","0.000958"
"wimbledon_2026","18","38","152","10.619928","0.279472","0.002795","0.000946"
"wimbledon_2026","19","38","152","10.619928","0.279472","0.002795","0.000946"
"wimbledon_2026","20","38","152","10.619928","0.279472","0.002795","0.000946"
"wimbledon_2026","21","37","148","10.619928","0.287025","0.002870","0.000946"
"wimbledon_2026","22","37","148","10.619928","0.287025","0.002870","0.000946"
"wimbledon_2026","23","37","148","10.619928","0.287025","0.002870","0.000946"
"wimbledon_2026","24","36","144","6.323119","0.175642","0.001756","0.000947"
"wimbledon_2026","25","36","144","6.323119","0.175642","0.001756","0.000947"
"wimbledon_2026","26","36","144","6.323119","0.175642","0.001756","0.000947"
"wimbledon_2026","27","36","144","6.323119","0.175642","0.001756","0.000947"
"wimbledon_2026","28","34","136","6.423119","0.188915","0.001889","0.000947"
"wimbledon_2026","29","34","136","6.423119","0.188915","0.001889","0.000947"
"wimbledon_2026","30","34","136","6.423119","0.188915","0.001889","0.000947"
"wimbledon_2026","31","33","132","6.473119","0.196155","0.001962","0.000947"
"wimbledon_2026","32","32","128","4.996135","0.156129","0.001561","0.000959"
"wimbledon_2026","33","32","128","4.996135","0.156129","0.001561","0.000959"
"wimbledon_2026","34","31","124","5.046135","0.162779","0.001628","0.000959"
"wimbledon_2026","35","30","120","4.912077","0.163736","0.001637","0.000959"
"wimbledon_2026","36","29","116","5.739542","0.197915","0.001979","0.000959"
"wimbledon_2026","37","29","116","5.739542","0.197915","0.001979","0.000959"
"wimbledon_2026","38","28","112","5.572875","0.199031","0.001990","0.000959"
"wimbledon_2026","39","28","112","5.572875","0.199031","0.001990","0.000959"
"wimbledon_2026","40","27","108","5.622875","0.208255","0.002083","0.000959"
"wimbledon_2026","41","25","100","5.201888","0.208076","0.002081","0.000959"
"wimbledon_2026","42","24","96","5.435623","0.226484","0.002265","0.000959"
"wimbledon_2026","43","24","96","5.435623","0.226484","0.002265","0.000959"
"wimbledon_2026","44","24","96","5.435623","0.226484","0.002265","0.000959"
"wimbledon_2026","45","24","96","5.435623","0.226484","0.002265","0.000959"
"wimbledon_2026","46","23","92","6.257051","0.272046","0.002720","0.000764"
"wimbledon_2026","47","23","92","6.257051","0.272046","0.002720","0.000764"
"wimbledon_2026","48","23","92","6.257051","0.272046","0.002720","0.000764"
"wimbledon_2026","49","22","88","6.407567","0.291253","0.002913","0.000764"
"wimbledon_2026","50","21","84","6.204536","0.295454","0.002955","0.000764"
"wimbledon_2026","51","20","80","6.254536","0.312727","0.003127","0.000764"
"wimbledon_2026","52","19","76","6.354536","0.334449","0.003344","0.000764"
"wimbledon_2026","53","19","76","6.354536","0.334449","0.003344","0.000764"
"wimbledon_2026","54","19","76","6.354536","0.334449","0.003344","0.000764"
"wimbledon_2026","55","18","72","6.404536","0.355808","0.003558","0.000752"
"wimbledon_2026","56","18","72","6.404536","0.355808","0.003558","0.000752"
"wimbledon_2026","57","18","72","6.404536","0.355808","0.003558","0.000752"
"wimbledon_2026","58","18","72","6.404536","0.355808","0.003558","0.000752"
"wimbledon_2026","59","17","68","6.454536","0.379679","0.003797","0.000752"
"wimbledon_2026","60","15","60","-0.363531","-0.024235","-0.000242","0.000754"
"wimbledon_2026","61","14","56","-1.078407","-0.077029","-0.000770","0.000754"
"wimbledon_2026","62","14","56","-1.078407","-0.077029","-0.000770","0.000754"
"wimbledon_2026","63","13","52","-1.028407","-0.079108","-0.000791","0.000754"
"wimbledon_2026","64","13","52","-1.028407","-0.079108","-0.000791","0.000754"
"wimbledon_2026","65","12","48","-0.978407","-0.081534","-0.000815","0.000754"
"wimbledon_2026","66","11","44","-0.928407","-0.084401","-0.000844","0.000754"
"wimbledon_2026","67","10","40","-0.954723","-0.095472","-0.000955","0.000754"
"wimbledon_2026","68","10","40","-0.954723","-0.095472","-0.000955","0.000754"
"wimbledon_2026","69","9","36","-0.904723","-0.100525","-0.001005","0.000742"
"wimbledon_2026","70","8","32","-0.710838","-0.088855","-0.000889","0.000742"
"wimbledon_2026","71","8","32","-0.710838","-0.088855","-0.000889","0.000742"
"wimbledon_2026","72","8","32","-0.710838","-0.088855","-0.000889","0.000742"
"wimbledon_2026","73","6","24","-2.084976","-0.347496","-0.003475","0.000754"
"wimbledon_2026","74","6","24","-2.084976","-0.347496","-0.003475","0.000754"
"wimbledon_2026","75","6","24","-2.084976","-0.347496","-0.003475","0.000754"
"wimbledon_2026","76","6","24","-2.084976","-0.347496","-0.003475","0.000754"
"wimbledon_2026","77","5","20","-2.034976","-0.406995","-0.004070","0.000742"
"wimbledon_2026","78","5","20","-2.034976","-0.406995","-0.004070","0.000742"
"wimbledon_2026","79","5","20","-2.034976","-0.406995","-0.004070","0.000742"
"wimbledon_2026","80","4","16","-2.790636","-0.697659","-0.006977","0.000742"
"wimbledon_2026","81","4","16","-2.790636","-0.697659","-0.006977","0.000742"
"wimbledon_2026","82","4","16","-2.790636","-0.697659","-0.006977","0.000742"
"wimbledon_2026","83","3","12","-0.048212","-0.016071","-0.000161","0.00016"
"wimbledon_2026","84","3","12","-0.048212","-0.016071","-0.000161","0.00016"
"wimbledon_2026","85","3","12","-0.048212","-0.016071","-0.000161","0.00016"
"wimbledon_2026","86","3","12","-0.048212","-0.016071","-0.000161","0.00016"
"wimbledon_2026","87","2","8","0.326355","0.163177","0.001632","0.00016"
"wimbledon_2026","88","2","8","0.326355","0.163177","0.001632","0.00016"
"wimbledon_2026","89","1","4","-0.672798","-0.672798","-0.006728","0.00016"
"wimbledon_2026","90","1","4","-0.672798","-0.672798","-0.006728","0.00016"
"wimbledon_2026","91","1","4","-0.672798","-0.672798","-0.006728","0.00016"
"wimbledon_2026","92","1","4","-0.672798","-0.672798","-0.006728","0.00016"
"wimbledon_2026","93","1","4","-0.672798","-0.672798","-0.006728","0.00016"
"wimbledon_2026","94","1","4","-0.672798","-0.672798","-0.006728","0.00016"
"wimbledon_2026","95","1","4","-0.672798","-0.672798","-0.006728","0.00016"
"wimbledon_2026","96","1","4","-0.672798","-0.672798","-0.006728","0.00016"
"wimbledon_2026","97","0","0","0","","","0"
"wimbledon_2026","98","0","0","0","","","0"
"wimbledon_2026","99","0","0","0","","","0"
"wimbledon_2026","100","0","0","0","","","0"
